text,sumber
"rebahan dr jam 11 tp baru ketiduran subuh, badan ancur poll 😢",twitter
"udh jam 3 pagi masih melek, besok ada ujian tp mata ga mau tutup",twitter
"deadline dua hari lalu tp belom mulai, stress gw tingkat dewa udh, 😢",twitter
"overwhelmed parah, to-do list, makin panjang tp tenaga makin tipis 😞",twitter
"setiap bangun pagi ngerasa berat banget, gamau ngapa2in pengen tiduran aja 😢",twitter
"rebahan dr jam 11 tp baru ketiduran subuh, badan ancur poll",twitter
"ngerasa hampa parah, udh lama ga bs seneng sama sekali capek hidup 😭😭",twitter
"overwhelmed parah, to-do list makin panjang tp tenaga makin tipis 😞",twitter
"panik parah tadi pertemuan penting, tangan gemetaran keringetan malu bngt",twitter
"stress poll deadline numpuk smua minta seminggu lalu, otak gw uda ga jalan",twitter
"udh berminggu2 ga bisa ngrasa seneng, ketawa jg rasanya hampa 💔",twitter
"ga bs tenang, pikiran muter trs ttg pekerjaan, anxiety parah",twitter
"khawatir kalo skripsi ga sesuai rencana, parno bgt jadinya",twitter
"udh minum susu, matiin hp, tp tetep aja melek sampe subuh 😞",twitter
"udh minum susu, matiin hp, tp, tetep aja melek sampe subuh",twitter
"takut gagal poll sampe gemeteran, sblm presentasi",twitter
"kelelahan poll tp ga bs tidur, badan lemes otak masih jalan terus 😴",twitter
"tiap malem begadang, bukan krn mau tp emg gabisa tidur, :(",twitter
"susah amat tidur belakangan ini, setiap mau tidur tiba2 anxiety 💔",twitter
"pusing banget, semua hal dateng barengan, gamau mikir apa2 lg",twitter
"otak gw overload amat, info kebanyakan, ga bs fokus 😞",twitter
"cemas poll mikirin hasil test, ga bisa berhenti, mikir 😰",twitter
"udh ga ngrasa apa2 lg, kosong bgt dalem sini, sedih jg ga bs 😞",twitter
"kerja keras trs tp ga ada apresiasi, cape parah sm kondisi ini :(",twitter
"overthinking trs smpe ga bs tidur, besok ada interview tp malah kepikiran yg bukan2",twitter
"khawatir kalo hubungan, ga sesuai rencana, parno bgt jadinya",twitter
"kelelahan amat tp ga bs tidur, badan lemes otak masih jalan terus 😞",twitter
"pola tidur gw rusak parah, tidur jam 4 bangun jam 12 tiap hari",twitter
"males ngapa2in, bangun tidur aja cape amat, pengen ilang aja 😞",twitter
"ga mau ketemu siapapun, gamau ngomong, mau sendiri aja, nangis 💔",twitter
"tiap mau tidur kepikiran presentasi, anxiety naik trs",twitter
"insomnia kumat lg, tiap malem cuma rebahan sambil nangis",twitter
"insomnia gw makin parah belakangan ini, sampe sakit kepala tiap pagi huhu",twitter
@collegemenfess kak boleh kirim curhatan ga?,twitter
"ngrasa sendirian parah pdhl dikelilingin banyak org, ngga ada yg ngerti gw",twitter
"ga ada energi buat ngapa2in, makan aja, males apalagi keluar 😢",twitter
"mata udh berat amat tp begitu rebahan, langsung melek lg",twitter
"udh 3 hari ini, tidur kurang dr 3 jam, badan ga kuat",twitter
"tiap mau tidur kepikiran keputusan besar, anxiety naik trs",twitter
"kerja keras trs tp ga ada apresiasi, cape parah sm kondisi ini 💔",twitter
"cemas bgt mikirin skripsi, ga bisa berhenti mikir",twitter
"capek banget sm tuntutan yg ga ada abisnya, gw jg manusia bkn robot huhu",twitter
"otak gw overload bgt, info kebanyakan, ga bs fokus, huhu",twitter
"ga bisa fokus sm sekali, pikiran kemana2 overthinking parah parah sih 😭😭",twitter
"ngrasa sendirian parah, pdhl dikelilingin banyak org, ngga ada yg ngerti gw",twitter
"anxiety gw kumat lg, jantung deg2an pdhl ga ada apa2, help huhu",twitter
"beban presentasi numpuk, gw mau meledak rasanya",twitter
"tekanan dr segala arah, dari ortu dosen, pacar, mau kabur rasanya 😭😭",twitter
"panik banget tadi sidang,, tangan gemetaran keringetan malu bngt 😰",twitter
"muak poll sm sistem, udh kerja keras tp yg dapet reward org lain",twitter
"ngrasa gagal trs, ga pernah cukup apapun yg, gw lakuin",twitter
takut gagal poll sampe gemeteran sblm presentasi,twitter
"nangis di kamar mandi biar ga ketauan, sendirian banget :(",twitter
"beban hasil test numpuk, gw mau meledak rasanya",twitter
"deg2an trs dr tadi, ga tau knp kayak ada firasat ga enak gt 😰",twitter
"jantung berdebar trs dr kmrn, badan jg, ikut tegang semua 💔",twitter
"udh coba segala, cara buat tidur tp mata ttp melek sampe pagi",twitter
"ga ada energi buat ngapa2in, makan aja males apalagi, keluar huhu",twitter
"nangis di kamar mandi biar ga ketauan, sendirian banget 😰",twitter
"gabisa tidur dr seminggu lalu, badan cape banget tp otak ga mau berhenti 💔",twitter
"tiap hari ada aja, masalah baru, ga sempet napas udh dateng lg yg baru",twitter
"putus asa amat, udh nyoba banyak hal tp ga ada yg berhasil pengen nyerah :(",twitter
"nervous parah sebelum ujian, perut mual deg2an 😴",twitter
"udh jam 3 pagi masih melek, besok ada kuliah tp mata ga mau tutup :(",twitter
"was2 amat nunggu, hasil meeting, deg2an sampe ga napsu makan",twitter
"ngerasa hampa banget, udh lama ga, bs seneng sama sekali capek hidup",twitter
"ngrasa sendirian amat pdhl dikelilingin banyak org, ngga ada yg ngerti gw",twitter
"udh ga sanggup lg ngejalanin ini semua, capek poll sm rutinitas huhu",twitter
"nervous amat sebelum, sidang, perut mual deg2an huhu",twitter
"ngrasa jd beban buat semua org, mending gw ga ada aja kali ya 😭😭",twitter
"nervous banget sebelum, presentasi, perut mual deg2an 😭😭",twitter
"overthinking trs smpe ga bs tidur, besok ada hasil test tp malah kepikiran yg bukan2",twitter
"panik banget tadi sidang,, tangan gemetaran keringetan malu bngt huhu",twitter
"jantung berdebar trs dr beberapa hari, ini, badan jg ikut tegang semua",twitter
"ngrasa sendirian banget pdhl dikelilingin banyak, org, ngga ada yg ngerti gw huhu",twitter
"insomnia gw makin parah, belakangan ini, sampe sakit kepala tiap pagi",twitter
"udh ga sanggup lg ngejalanin ini semua, capek bgt sm rutinitas",twitter
"tiap mau tidur kepikiran macem2, makanya ga bs tidur 😰",twitter
"overthinking trs smpe ga bs tidur, besok ada hubungan tp malah kepikiran yg bukan2 🤯",twitter
"was2 banget nunggu hasil ujian, deg2an sampe ga napsu makan 😴",twitter
"udh berminggu2 ga bisa ngrasa, seneng, ketawa jg rasanya hampa",twitter
"ga bs tenang, pikiran muter trs ttg sidang skripsi, anxiety parah",twitter
"cemas parah mikirin masalah keluarga, ga bisa berhenti mikir",twitter
"beban hubungan numpuk, gw mau meledak rasanya 😴",twitter
"pusing bgt, semua hal dateng barengan, gamau mikir apa2 lg :(",twitter
"udh lama ga ngrasa bahagia beneran, semua kerasa palsu 😭😭",twitter
"capek pura2 baik2 aja pdhal dalem sini, hancur banget",twitter
"ngrasa jd beban buat semua org, mending gw ga, ada aja kali ya 🤯",twitter
"beban masalah keluarga numpuk, gw mau meledak rasanya",twitter
"ngerasa hampa bgt, udh lama ga bs seneng sama sekali capek hidup",twitter
"kerja keras trs, tp ga ada apresiasi, cape amat sm kondisi ini huhu",twitter
"ngerasa trapped di situasi yg, ga bs gw kontrol, stress banget",twitter
"gabisa tidur dr beberapa hari ini, badan cape poll tp otak ga mau berhenti 🤯",twitter
"ga bs dapet tidur yg berkualitas, trs kebangun tengah, malem",twitter
"setiap bangun pagi ngerasa berat parah, gamau ngapa2in pengen tiduran aja",twitter
"ga bs dapet tidur, yg berkualitas, trs kebangun tengah malem",twitter
"frustrasi parah sama kondisi ini, udh usaha tp ga ada perubahan jg 💔",twitter
https://t.co/abcxyz @collegemenfess check this out!!!,twitter
"tekanan dr segala arah, dari ortu dosen, pacar, mau kabur rasanya",twitter
"tertekan parah sm ekspektasi ortu, capek ngejar standar org lain mulu",twitter
"gabisa tidur dr tdi malem, badan cape parah tp otak ga mau berhenti 😞",twitter
"susah banget tidur belakangan ini, setiap mau, tidur tiba2 anxiety",twitter
"deadline tdi malem tp belom mulai, stress gw tingkat dewa udh",twitter
"ngrasa hidup gw ga ada artinya, mau ngapain jg sia2 aja",twitter
"insomnia gw makin parah belakangan ini, sampe sakit, kepala tiap pagi",twitter
"udh lama ga ngrasa bahagia beneran, semua kerasa palsu 😞",twitter
"beban deadline kerjaan numpuk, gw mau meledak rasanya",twitter
"jantung berdebar trs dr seminggu lalu, badan jg ikut tegang semua",twitter
"panik bgt tadi pertemuan penting, tangan gemetaran keringetan malu bngt 💔",twitter
"nangis tiba2 tanpa sebab, udh biasa sih buat gw skrg 😰",twitter
"rebahan dr jam 11 tp baru ketiduran subuh, badan ancur, bgt",twitter
"tiap mau tidur, kepikiran ujian, anxiety naik trs 😴",twitter
"kelelahan amat tp ga bs tidur, badan lemes otak masih jalan terus, 😰",twitter
"nangis di kamar mandi biar ga ketauan, sendirian amat",twitter
"beban interview numpuk, gw mau meledak rasanya 🤯",twitter
"udh jam 3 pagi masih melek, besok ada pertemuan penting tp mata ga mau tutup 😞",twitter
"takut bgt sama future gw, smua org keliatan sukses cuma gw doang yg stuck",twitter
"was2 bgt nunggu hasil pertemuan penting, deg2an sampe ga napsu makan 😢",twitter
mata udh berat bgt tp begitu rebahan langsung melek lg 😴,twitter
"panik parah tadi pertemuan penting, tangan gemetaran keringetan malu bngt",twitter
"anxiety gw kumat lg, jantung deg2an pdhl ga ada apa2, help",twitter
"ga bs dapet tidur yg berkualitas, trs kebangun tengah malem",twitter
"ga mau ketemu siapapun, gamau ngomong, mau sendiri aja nangis 🤯",twitter
"nangis tiba2 tanpa sebab, udh biasa sih buat, gw skrg 💔",twitter
"tiap mau tidur kepikiran macem2, makanya ga bs tidur 🤯",twitter
"badan udh minta istirahat tp pikiran malah makin aktif pas mau tidur, 😞",twitter
"was2 bgt nunggu hasil presentasi, deg2an sampe ga napsu makan 💔",twitter
"beban keputusan besar numpuk, gw, mau meledak rasanya",twitter
"ngrasa hidup gw ga ada artinya, mau ngapain jg sia2, aja",twitter
"tiap malem begadang,, bukan krn mau tp emg gabisa tidur 😰",twitter
"udh ga ngrasa apa2 lg, kosong banget dalem sini, sedih jg ga bs",twitter
"jam segini masih melek pdhl besok pagi hrs kuliah, capek poll",twitter
rt @user: retweet ini buat keberuntungan,twitter
"tiap mau tidur kepikiran macem2, makanya, ga bs tidur",twitter
aq bngung bgt mo nangis krn presentasi mulu ttg masa depan,twitter
"ga bs tenang, pikiran muter trs ttg, keputusan besar, anxiety parah 🤯",twitter
"ga bs tenang, pikiran muter trs ttg skripsi, anxiety parah",twitter
"ngerasa trapped di situasi yg ga bs gw kontrol, stress poll",twitter
"ga bs dapet tidur yg berkualitas, trs kebangun tengah malem 😰",twitter
"tertekan poll sm ekspektasi ortu, capek ngejar, standar org lain mulu",twitter
"gabisa tidur dr seminggu lalu, badan cape parah tp otak ga mau berhenti 😞",twitter
"udh ga ngrasa apa2 lg, kosong poll dalem sini, sedih jg ga bs 🤯",twitter
"deg2an trs dr tadi, ga tau knp kayak ada firasat, ga enak gt",twitter
"gelisah trs dr kmrn, entah knp tiba2 ngrasa takut ga jelas gt 🤯",twitter
"ngrasa sendirian poll pdhl dikelilingin banyak, org, ngga ada yg ngerti gw",twitter
"ga mau ketemu siapapun, gamau ngomong, mau sendiri aja nangis 😰",twitter
"panic attack lagi, napas sesak jantung mau copot tolong 💔",twitter
"tertekan amat sm ekspektasi ortu,, capek ngejar standar org lain mulu 😭😭",twitter
"setiap bangun pagi ngerasa berat, poll, gamau ngapa2in pengen tiduran aja 😴",twitter
"ngrasa sendirian amat pdhl dikelilingin banyak org,, ngga ada yg ngerti gw 😰",twitter
"beban interview numpuk, gw mau meledak, rasanya",twitter
"kerja keras trs tp ga ada apresiasi, cape bgt sm kondisi ini 🤯",twitter
"takut amat sama future gw, smua org keliatan sukses cuma gw doang yg stuck 😴",twitter
"kerja keras trs tp ga ada apresiasi, cape amat sm kondisi ini 😞",twitter
"pusing parah, semua hal dateng barengan, gamau mikir apa2 lg",twitter
"frustrasi poll sama kondisi ini, udh usaha tp ga ada perubahan jg",twitter
"jam segini masih melek pdhl besok pagi hrs kerja, capek banget",twitter
"frustrasi banget sama kondisi ini, udh usaha tp ga, ada perubahan jg",twitter
"tekanan dr segala arah, dari ortu dosen pacar, mau, kabur rasanya",twitter
"pressure dr semua arah, ngerasa mau pecah tp hrs ttp strong huhu",twitter
"cemas banget mikirin masalah keluarga,, ga bisa berhenti mikir",twitter
"tiap mau tidur kepikiran sidang skripsi, anxiety naik trs",twitter
"pola tidur gw rusak parah, tidur jam 4 bangun jam 12 tiap hari 😴",twitter
"ga ada energi buat ngapa2in, makan aja males, apalagi keluar",twitter
"ga bs dapet tidur yg, berkualitas, trs kebangun tengah malem",twitter
udh coba segala cara buat tidur tp mata ttp melek sampe pagi,twitter
"nangis di kamar mandi biar ga ketauan, sendirian banget",twitter
"pola tidur gw rusak parah, tidur jam 4 bangun jam, 12 tiap hari :(",twitter
"udh 3 hari ini tidur kurang dr 3 jam, badan, ga kuat",twitter
"udh minum susu, matiin hp, tp tetep aja melek sampe subuh 😰",twitter
"stress level gw udah tinggi, mau healing tp ga ada waktu sama sekali :(",twitter
"ngrasa sendirian parah pdhl dikelilingin banyak org, ngga ada yg ngerti gw 😭😭",twitter
"udh ga ngrasa apa2 lg,, kosong bgt dalem sini, sedih jg ga bs",twitter
"otak gw overload poll, info kebanyakan, ga bs, fokus",twitter
"ngerasa trapped di situasi yg ga bs gw kontrol, stress banget",twitter
"ngrasa jd beban buat semua org, mending gw ga ada aja kali ya 😴",twitter
"kebangun jam 3 trs ga bs tidur lg sampe pagi, stress, jdnya :(",twitter
"badan udh minta istirahat tp pikiran malah makin aktif pas mau, tidur",twitter
"nangis di kamar mandi biar, ga ketauan, sendirian amat :(",twitter
"takut bgt sama future gw, smua org keliatan sukses cuma gw doang yg stuck 💔",twitter
"khawatir banget sama pekerjaan ini, takut org tua kecewa",twitter
"tertekan poll sm ekspektasi ortu, capek ngejar standar org lain mulu, 😞",twitter
"overthinking trs smpe ga bs tidur, besok ada presentasi tp malah kepikiran yg bukan2 💔",twitter
"pusing amat, semua hal dateng barengan, gamau mikir apa2 lg",twitter
"gelisah trs dr beberapa hari ini, entah knp tiba2 ngrasa takut ga jelas gt :(",twitter
"ngrasa jd beban buat semua org, mending gw ga ada aja kali ya 😢",twitter
"udh jam 3 pagi masih melek, besok ada sidang tp mata ga mau, tutup",twitter
takut gagal amat sampe gemeteran sblm sidang,twitter
"overwhelmed parah, to-do list makin panjang tp tenaga makin tipis 😭😭",twitter
"panik amat tadi presentasi, tangan gemetaran keringetan malu bngt",twitter
"gw gabisa tidur dr tadi siang, pikiran muter2 ga brenti ttg pekerjaan",twitter
"udh ga ngrasa apa2 lg, kosong poll dalem, sini, sedih jg ga bs",twitter
"udh ga sanggup lg ngejalanin ini semua, capek poll sm rutinitas",twitter
"overthinking trs smpe ga bs tidur, besok ada hubungan tp malah kepikiran yg bukan2 🤯",twitter
"kebangun jam 3 trs ga bs tidur lg sampe pagi, stress jdnya 😭😭",twitter
"takut amat sama future gw, smua, org keliatan sukses cuma gw doang yg stuck 😰",twitter
"tiap mau tidur kepikiran pekerjaan, anxiety, naik trs :(",twitter
"gelisah trs dr beberapa hari ini, entah knp tiba2 ngrasa takut ga jelas gt",twitter
"udh 3 hari ini tidur kurang dr 3 jam, badan ga kuat 🤯",twitter
"pressure dr semua arah, ngerasa mau pecah tp hrs ttp, strong",twitter
"ngrasa sendirian amat pdhl dikelilingin banyak org, ngga ada yg ngerti gw huhu",twitter
"jam 2 malem masih, gabisa bobo, pikiran muter2 ga ada habisnya 😞",twitter
"ga ada semangat buat ngelakuin apapun, hari2 berat parah :(",twitter
"takut amat sama future gw, smua org keliatan sukses cuma gw doang yg stuck :(",twitter
"ngrasa hidup gw ga, ada artinya, mau ngapain jg sia2 aja",twitter
"tiap hari ada aja masalah, baru, ga sempet napas udh dateng lg yg baru",twitter
"ngerasa hampa poll, udh lama ga bs seneng sama sekali capek hidup :(",twitter
"burnout parah, udh sebulan kerja keras tp hasilnya nihil kecewa, poll",twitter
"ngerasa exhausted tp ttp, ga bs tidur, ini paling nyiksa sih",twitter
"tekanan dr segala arah,, dari ortu dosen pacar, mau kabur rasanya",twitter
"cemas poll mikirin hasil test, ga bisa berhenti mikir",twitter
"ga bs dapet tidur yg berkualitas, trs kebangun tengah malem 😭😭",twitter
"ngrasa gagal trs, ga pernah, cukup apapun yg gw lakuin 😴",twitter
"setiap bangun pagi ngerasa berat banget, gamau ngapa2in pengen tiduran aja 😭😭",twitter
"overwhelmed parah, to-do list makin, panjang tp tenaga makin tipis 😴",twitter
"cemas parah mikirin interview, ga bisa berhenti mikir",twitter
"capek parah sm tuntutan yg ga ada abisnya, gw jg, manusia bkn robot",twitter
"ngerasa exhausted tp, ttp ga bs tidur, ini paling nyiksa sih",twitter
"was2 parah nunggu hasil ujian, deg2an sampe ga napsu makan",twitter
"udh berminggu2 ga bisa ngrasa seneng,, ketawa jg rasanya hampa",twitter
"capek parah sm tuntutan yg ga ada abisnya, gw jg manusia bkn robot",twitter
aq bngung poll mo nangis krn sidang skripsi mulu ttg masa depan 😞,twitter
"jantung berdebar trs dr tdi malem, badan jg ikut tegang semua",twitter
"stress poll deadline numpuk smua minta dua hari lalu, otak gw uda ga jalan",twitter
"frustrasi banget sama kondisi ini, udh usaha tp ga ada perubahan jg 🤯",twitter
"gabisa tidur dr beberapa hari ini, badan, cape bgt tp otak ga mau berhenti",twitter
"stress poll deadline numpuk smua minta beberapa hari ini, otak gw uda ga jalan 😰",twitter
"udh ga ngrasa apa2 lg, kosong amat dalem sini,, sedih jg ga bs",twitter
"overthinking trs smpe ga bs tidur, besok ada masalah keluarga tp malah kepikiran yg bukan2 🤯",twitter
"ngrasa disconnect sama diri sendiri, kayak liat hidup dr luar, 😞",twitter
"ngrasa invisible aja pdhl lg di keramaian, ga ada yg liat gw 🤯",twitter
"ngerasa ga kuat lg nanggung smua sendirian,, terlalu banyak 💔",twitter
"ga bs tenang, pikiran muter trs ttg ekspektasi org lain, anxiety parah huhu",twitter
"ga bisa fokus sm sekali,, pikiran kemana2 overthinking parah banget sih 😴",twitter
"jantung berdebar trs dr tdi malem, badan jg ikut tegang, semua 😢",twitter
"nervous banget sebelum ujian, perut mual deg2an",twitter
"otak gw overload banget, info kebanyakan, ga bs fokus",twitter
"was2 amat nunggu hasil presentasi, deg2an sampe, ga napsu makan",twitter
"putus asa poll, udh, nyoba banyak hal tp ga ada yg berhasil pengen nyerah :(",twitter
"frustrasi bgt sama kondisi ini, udh usaha tp ga ada perubahan jg",twitter
"overwhelmed parah, to-do list, makin panjang tp tenaga makin tipis",twitter
"cemas amat mikirin deadline kerjaan, ga bisa berhenti mikir",twitter
"ngerasa exhausted tp ttp ga bs tidur,, ini paling nyiksa sih",twitter
"ngerasa trapped di situasi yg ga bs gw kontrol, stress amat 😭😭",twitter
"ga mau ketemu siapapun, gamau ngomong, mau, sendiri aja nangis",twitter
"cemas banget mikirin nilai, ga bisa berhenti mikir 😢",twitter
"ngerasa ga kuat lg nanggung smua sendirian, terlalu banyak",twitter
"was2 parah nunggu hasil kerja, deg2an sampe ga napsu makan",twitter
"ngerasa hampa parah, udh lama ga bs seneng sama, sekali capek hidup",twitter
rt @user: retweet ini buat keberuntungan,twitter
"burnout parah, udh sebulan kerja, keras tp hasilnya nihil kecewa bgt",twitter
"rebahan dr jam 11 tp baru ketiduran subuh, badan ancur parah 😞",twitter
"tiap mau tidur kepikiran ekspektasi org lain, anxiety naik trs",twitter
"putus asa poll, udh nyoba banyak hal tp ga ada yg berhasil pengen nyerah 🤯",twitter
"nangis di kamar mandi biar ga ketauan, sendirian bgt 😞",twitter
"rebahan dr jam 11 tp baru ketiduran, subuh, badan ancur amat",twitter
"ga bs tenang, pikiran muter trs ttg hubungan,, anxiety parah",twitter
"ga tau knp nangis2 sendiri,, ngrsa ga berguna poll hidup gw slesai",twitter
"rebahan dr jam 11 tp baru ketiduran subuh, badan, ancur bgt huhu",twitter
"jam segini masih melek pdhl besok pagi hrs kuliah, capek parah",twitter
"panic attack lagi, napas sesak jantung mau copot, tolong",twitter
"setiap bangun pagi ngerasa berat banget, gamau ngapa2in pengen tiduran aja",twitter
"was2 poll nunggu hasil kuliah, deg2an sampe ga napsu makan huhu",twitter
"gabisa tidur dr dua hari lalu, badan cape poll tp otak ga mau berhenti",twitter
"udh minum susu, matiin hp, tp tetep aja melek sampe subuh :(",twitter
"khawatir kalo pekerjaan ga sesuai, rencana, parno bgt jadinya",twitter
"gw gabisa tidur dr beberapa hari ini, pikiran muter2 ga brenti ttg masalah keluarga huhu",twitter
"males ngapa2in, bangun tidur aja cape banget, pengen ilang aja",twitter
"nangis tiba2 tanpa sebab, udh biasa sih buat, gw skrg",twitter
"kebangun jam 3 trs ga bs tidur lg sampe pagi, stress jdnya 😴",twitter
"nervous poll mau ketemu org baru, sosial anxiety gw emg parah 😢",twitter
"insomnia kumat lg, tiap malem cuma rebahan, sambil nangis",twitter
"khawatir kalo deadline kerjaan ga sesuai rencana, parno bgt, jadinya",twitter
"udh ga sanggup lg ngejalanin ini semua, capek parah sm rutinitas",twitter
promo!! diskon 50% buruan order skrg,twitter
"overthinking trs smpe ga bs tidur, besok ada presentasi tp, malah kepikiran yg bukan2",twitter
"rebahan dr jam 11 tp baru ketiduran subuh, badan, ancur bgt :(",twitter
"ngerasa ga kuat, lg nanggung smua sendirian, terlalu banyak",twitter
"khawatir kalo presentasi, ga sesuai rencana, parno bgt jadinya",twitter
"was2 amat nunggu hasil interview, deg2an sampe ga, napsu makan",twitter
"rebahan dr jam 11 tp baru ketiduran subuh, badan ancur, banget 😢",twitter
"ngerasa trapped di situasi yg ga bs gw kontrol, stress parah, 😭😭",twitter
"putus asa amat, udh nyoba banyak hal tp ga ada yg berhasil pengen nyerah 😢",twitter
"tertekan poll sm ekspektasi ortu, capek, ngejar standar org lain mulu 😭😭",twitter
"udh ga ngrasa apa2 lg, kosong poll dalem sini, sedih jg ga bs, 😰",twitter
"panik poll tadi kerja, tangan gemetaran keringetan malu bngt 😴",twitter
"susah amat tidur belakangan ini, setiap mau tidur tiba2, anxiety",twitter
"burnout parah, udh sebulan kerja keras tp hasilnya nihil kecewa, banget 😭😭",twitter
"udh ga ngrasa apa2 lg, kosong bgt dalem sini, sedih jg ga bs",twitter
"ngrasa gagal trs, ga pernah cukup, apapun yg gw lakuin 💔",twitter
"overthinking trs smpe ga bs tidur, besok ada presentasi tp malah kepikiran yg bukan2",twitter
"ngerasa trapped di situasi yg ga bs gw kontrol, stress amat",twitter
"pola tidur gw rusak parah, tidur jam 4, bangun jam 12 tiap hari 😰",twitter
"tertekan bgt sm ekspektasi ortu, capek ngejar standar org lain mulu 😴",twitter
"ngrasa hidup gw ga ada artinya, mau ngapain jg sia2 aja 💔",twitter
"udh minum susu, matiin hp, tp tetep aja melek sampe subuh 😭😭",twitter
"insomnia kumat lg, tiap malem cuma rebahan sambil nangis 😞",twitter
"jam segini masih melek pdhl besok pagi hrs kerja, capek parah 😰",twitter
"ngerasa trapped di situasi yg ga bs gw kontrol, stress parah",twitter
"tertekan poll sm ekspektasi ortu, capek, ngejar standar org lain mulu",twitter
"nangis tiba2 tanpa sebab, udh biasa sih buat gw skrg 💔",twitter
"udh lama ga ngrasa bahagia beneran, semua kerasa palsu",twitter
"ga bisa fokus sm sekali, pikiran kemana2 overthinking parah parah sih 😴",twitter
"jam segini masih melek pdhl besok pagi hrs meeting, capek parah huhu",twitter
"takut gagal amat, sampe gemeteran sblm ujian",twitter
"nangis di kamar mandi biar ga ketauan, sendirian poll",twitter
"udh 3 hari ini tidur kurang dr 3 jam, badan ga kuat 😞",twitter
"ga ada semangat buat ngelakuin, apapun, hari2 berat amat 🤯",twitter
"badan udh minta istirahat tp pikiran malah makin, aktif pas mau tidur 😴",twitter
"otak gw overload banget, info kebanyakan, ga bs fokus :(",twitter
"gabisa tidur dr tadi siang, badan cape parah tp otak ga mau berhenti 😰",twitter
"kerja keras trs tp ga ada apresiasi, cape amat sm kondisi ini",twitter
"tertekan banget sm ekspektasi ortu, capek ngejar standar org lain mulu",twitter
"ga bisa fokus sm sekali, pikiran kemana2 overthinking parah amat sih 😞",twitter
"ngrasa sendirian amat pdhl dikelilingin banyak org, ngga, ada yg ngerti gw 😴",twitter
"tiap mau tidur kepikiran deadline kerjaan, anxiety naik trs :(",twitter
"kebangun jam 3 trs ga bs tidur lg sampe pagi, stress jdnya 😞",twitter
"ga ada semangat buat ngelakuin apapun,, hari2 berat banget 💔",twitter
"stress level gw udah tinggi, mau healing tp ga ada waktu sama sekali 🤯",twitter
"burnout parah, udh sebulan kerja keras tp hasilnya nihil kecewa amat",twitter
"jam segini masih melek, pdhl besok pagi hrs kuliah, capek parah",twitter
"cemas bgt mikirin interview, ga bisa berhenti mikir",twitter
"udh 3 hari ini tidur kurang dr 3 jam, badan ga kuat",twitter
"jam segini masih melek pdhl besok pagi hrs ujian, capek bgt",twitter
"takut poll sama future gw, smua org keliatan sukses cuma gw doang yg stuck",twitter
"khawatir parah sama hubungan ini,, takut org tua kecewa",twitter
"putus asa bgt, udh nyoba banyak hal tp ga ada, yg berhasil pengen nyerah 🤯",twitter
"gabisa tidur dr seminggu lalu, badan cape banget tp otak ga mau berhenti",twitter
aq bngung poll mo nangis krn skripsi mulu ttg masa depan 🤯,twitter
"kelelahan amat tp ga bs tidur, badan lemes otak masih jalan terus 💔",twitter
"tiap malem begadang, bukan krn mau tp emg gabisa tidur 😢",twitter
"ga bs tenang, pikiran muter, trs ttg ujian, anxiety parah 😞",twitter
"udh minum susu, matiin hp, tp tetep, aja melek sampe subuh 😭😭",twitter
"ga tau knp nangis2 sendiri, ngrsa ga berguna banget hidup gw slesai",twitter
"udh ga sanggup lg ngejalanin ini semua, capek banget sm rutinitas",twitter
"jam segini masih melek pdhl besok pagi hrs kerja, capek poll",twitter
udh coba segala cara buat tidur tp mata ttp melek sampe pagi :(,twitter
"udh 3 hari ini tidur, kurang dr 3 jam, badan ga kuat 💔",twitter
"panik bgt tadi kerja, tangan gemetaran keringetan malu bngt",twitter
"pola tidur gw rusak parah, tidur jam 4 bangun, jam 12 tiap hari 😭😭",twitter
"jam segini masih melek, pdhl besok pagi hrs pertemuan penting, capek bgt",twitter
"was2 amat nunggu hasil presentasi, deg2an sampe ga napsu makan 😰",twitter
"cemas banget mikirin skripsi, ga bisa berhenti mikir 😰",twitter
"rebahan dr jam 11 tp baru ketiduran subuh, badan ancur banget",twitter
"stress poll deadline numpuk smua minta kmrn malem, otak gw uda ga jalan",twitter
"frustrasi parah sama kondisi ini, udh usaha, tp ga ada perubahan jg 😰",twitter
@collegemenfess kak boleh kirim curhatan ga?,twitter
"otak gw overload bgt, info kebanyakan, ga, bs fokus :(",twitter
"udh coba segala cara buat tidur tp mata ttp melek sampe pagi, 💔",twitter
https://t.co/abcxyz @collegemenfess check this out!!!,twitter
"takut gagal poll sampe gemeteran sblm, pertemuan penting 😞",twitter
"setiap bangun pagi ngerasa berat parah, gamau ngapa2in pengen tiduran aja 😰",twitter
"kelelahan poll tp ga, bs tidur, badan lemes otak masih jalan terus",twitter
"tiap malem begadang, bukan krn mau tp emg gabisa tidur",twitter
https://t.co/abcxyz @collegemenfess check this out!!!,twitter
"capek poll sm tuntutan yg ga ada abisnya, gw jg manusia bkn robot",twitter
mata udh berat banget tp begitu rebahan langsung melek lg :(,twitter
"takut gagal bgt sampe, gemeteran sblm pertemuan penting",twitter
"mata udh berat parah tp begitu rebahan langsung melek, lg 😢",twitter
"ga mau ketemu siapapun, gamau ngomong, mau sendiri aja nangis :(",twitter
"tiap mau tidur kepikiran macem2, makanya ga bs, tidur 💔",twitter
"gw gabisa tidur dr tadi siang, pikiran muter2 ga brenti ttg presentasi",twitter
"ngerasa hampa amat, udh lama ga bs seneng sama sekali capek hidup",twitter
"nangis di kamar mandi biar ga ketauan, sendirian parah",twitter
rt @user: retweet ini buat keberuntungan,twitter
"ngrasa gagal trs, ga pernah cukup apapun yg gw, lakuin",twitter
"gw gabisa tidur dr seminggu lalu, pikiran muter2 ga brenti ttg nilai",twitter
"aq bngung parah mo nangis krn sidang skripsi mulu ttg, masa depan 😢",twitter
"tiap hari ada aja masalah baru, ga sempet napas udh dateng lg yg baru 😴",twitter
"udh di titik jenuh amat, smua terasa berat ga ada yg ringan 😞",twitter
"tiap hari ada aja masalah baru, ga sempet napas udh dateng lg yg baru huhu",twitter
"nangis tiba2 tanpa sebab,, udh biasa sih buat gw skrg",twitter
"jam segini masih melek pdhl, besok pagi hrs interview, capek amat :(",twitter
"udh ga sanggup, lg ngejalanin ini semua, capek banget sm rutinitas :(",twitter
"ngerasa exhausted tp ttp ga bs tidur, ini paling nyiksa sih 😢",twitter
"udh minum susu, matiin hp, tp tetep aja melek sampe subuh huhu",twitter
"tertekan bgt sm ekspektasi ortu, capek ngejar standar org lain mulu",twitter
"ga ada semangat buat ngelakuin apapun, hari2 berat banget :(",twitter
"jam segini masih melek pdhl besok pagi hrs kerja, capek parah 💔",twitter
"khawatir banget sama interview ini, takut org tua kecewa",twitter
follow @akunjualan dapat cashback,twitter
"ga tau knp nangis2 sendiri, ngrsa ga berguna parah hidup gw slesai",twitter
"pressure dr semua arah, ngerasa mau, pecah tp hrs ttp strong",twitter
"kebangun jam 3 trs ga bs tidur lg sampe pagi, stress jdnya 😰",twitter
"kerja keras trs tp ga ada apresiasi, cape poll sm kondisi ini 😢",twitter
"ngrasa sendirian bgt, pdhl dikelilingin banyak org, ngga ada yg ngerti gw 🤯",twitter
"was2 amat nunggu hasil interview, deg2an sampe ga, napsu makan",twitter
"takut amat sama future gw, smua org keliatan sukses cuma gw doang yg stuck",twitter
"tiap mau tidur kepikiran masalah keluarga, anxiety naik trs :(",twitter
"kelelahan poll tp ga bs tidur, badan lemes otak masih jalan terus 😢",twitter
"tiap hari ada aja masalah baru,, ga sempet napas udh dateng lg yg baru 😭😭",twitter
"muak bgt sm sistem, udh kerja keras tp yg dapet reward org lain 😴",twitter
"pusing poll, semua hal dateng barengan, gamau mikir apa2 lg 😭😭",twitter
"khawatir amat sama deadline kerjaan, ini, takut org tua kecewa",twitter
"capek pura2 baik2 aja pdhal dalem sini, hancur amat",twitter
"insomnia gw makin parah belakangan ini, sampe sakit kepala tiap pagi",twitter
"ga bs tenang, pikiran muter, trs ttg masa depan, anxiety parah",twitter
"mata udh berat parah tp begitu rebahan, langsung melek lg 😭😭",twitter
"rebahan dr jam, 11 tp baru ketiduran subuh, badan ancur bgt",twitter
"beban masa depan numpuk, gw mau meledak rasanya",twitter
"udh ga ngrasa apa2 lg, kosong parah dalem sini, sedih jg ga bs",twitter
"udh ga sanggup lg ngejalanin ini semua, capek, amat sm rutinitas 😰",twitter
"pola tidur gw rusak parah, tidur jam 4 bangun jam 12 tiap hari huhu",twitter
"ngrasa invisible aja pdhl lg di keramaian, ga ada yg liat gw",twitter
"nangis di kamar mandi biar ga ketauan, sendirian parah 😰",twitter
"kerja keras trs tp ga ada apresiasi, cape banget sm kondisi ini huhu",twitter
"panic attack lagi, napas sesak jantung mau copot tolong",twitter
"gabisa tidur dr kmrn, badan cape poll tp otak ga mau berhenti huhu",twitter
"nangis di kamar mandi biar ga ketauan, sendirian, parah",twitter
"kebangun jam 3 trs ga bs tidur lg sampe pagi, stress jdnya, 😞",twitter
"tiap mau tidur kepikiran masa depan, anxiety naik trs",twitter
"tiap malem begadang, bukan krn mau tp emg gabisa tidur 😴",twitter
"ga bisa fokus sm sekali, pikiran kemana2 overthinking parah parah sih",twitter
"putus asa poll, udh nyoba banyak hal tp ga ada yg berhasil pengen nyerah 😰",twitter
"gabisa tidur dr tdi malem, badan cape banget tp otak, ga mau berhenti",twitter
"deadline seminggu lalu tp belom mulai, stress gw tingkat dewa udh 😴",twitter
"nervous parah sebelum kerja,, perut mual deg2an",twitter
udh coba segala cara buat tidur tp mata ttp melek sampe pagi 😞,twitter
"udh ga ngrasa apa2 lg, kosong poll dalem sini, sedih jg ga bs",twitter
"deadline dua hari lalu tp belom mulai, stress gw tingkat dewa, udh 💔",twitter
"ga bs tenang, pikiran muter trs ttg tugas kuliah, anxiety parah 🤯",twitter
"ga tau knp nangis2 sendiri, ngrsa ga berguna amat hidup gw slesai",twitter
"udh jam 3 pagi masih melek, besok ada interview tp mata ga mau tutup 😞",twitter
"ga mau ketemu siapapun, gamau, ngomong, mau sendiri aja nangis 🤯",twitter
"takut banget sama future gw, smua org keliatan sukses cuma gw doang yg stuck",twitter
"burnout parah, udh sebulan kerja keras tp hasilnya nihil kecewa parah",twitter
"udh 3 hari ini tidur kurang dr 3 jam, badan ga, kuat",twitter
"pola tidur gw rusak parah, tidur jam 4 bangun jam 12 tiap hari 😭😭",twitter
"kebangun jam 3 trs ga bs, tidur lg sampe pagi, stress jdnya",twitter
"udh 3 hari ini tidur, kurang dr 3 jam, badan ga kuat huhu",twitter
"frustrasi amat sama kondisi ini, udh usaha tp ga ada perubahan jg 😰",twitter
"jam segini masih melek, pdhl besok pagi hrs kerja, capek banget 😞",twitter
"ga bisa fokus sm sekali, pikiran kemana2 overthinking parah bgt sih 🤯",twitter
"jam segini masih melek pdhl besok pagi hrs meeting, capek bgt",twitter
capek pura2 baik2 aja pdhal dalem sini hancur amat,twitter
"putus asa parah, udh nyoba banyak hal tp ga ada yg berhasil pengen nyerah",twitter
"beban nilai numpuk, gw mau meledak rasanya",twitter
"gabisa tidur dr dua hari lalu, badan cape poll tp, otak ga mau berhenti",twitter
"males ngapa2in, bangun tidur aja cape parah, pengen ilang aja 😞",twitter
"ga mau ketemu siapapun, gamau ngomong,, mau sendiri aja nangis",twitter
"udh ga ngrasa apa2 lg,, kosong amat dalem sini, sedih jg ga bs",twitter
udh coba segala cara buat tidur tp mata ttp melek sampe pagi 😴,twitter
"ga mau ketemu siapapun, gamau ngomong, mau sendiri, aja nangis",twitter
"ga bisa fokus sm sekali, pikiran kemana2 overthinking parah banget sih",twitter
"pusing banget, semua hal dateng barengan, gamau mikir apa2 lg 💔",twitter
"ngrasa invisible aja pdhl, lg di keramaian, ga ada yg liat gw huhu",twitter
"was2 banget nunggu hasil ujian, deg2an sampe ga napsu makan, 😰",twitter
@collegemenfess kak boleh kirim curhatan ga?,twitter
"nangis tiba2 tanpa sebab, udh biasa sih buat gw skrg 😭😭",twitter
"panik poll tadi pertemuan penting, tangan gemetaran keringetan malu bngt",twitter
"udh ga ngrasa apa2 lg, kosong banget dalem sini, sedih jg, ga bs",twitter
mata udh berat poll tp begitu rebahan langsung melek lg 🤯,twitter
"nervous poll sebelum meeting, perut mual deg2an 😴",twitter
"ngrasa disconnect sama diri sendiri, kayak liat hidup dr luar, 😴",twitter
"udh minum susu, matiin hp, tp tetep aja melek sampe subuh 🤯",twitter
"nervous poll mau ketemu org baru, sosial anxiety gw emg parah 😰",twitter
"beban deadline kerjaan numpuk, gw mau meledak rasanya 😢",twitter
"putus asa parah, udh nyoba, banyak hal tp ga ada yg berhasil pengen nyerah :(",twitter
"frustrasi parah sama kondisi ini, udh usaha tp ga ada perubahan jg",twitter
"tiap hari ada aja masalah baru, ga sempet napas udh dateng lg, yg baru",twitter
"rebahan dr jam 11 tp baru ketiduran subuh, badan ancur bgt 😢",twitter
"males ngapa2in, bangun tidur aja cape banget, pengen ilang aja 😢",twitter
"putus asa amat, udh nyoba banyak hal tp ga ada yg berhasil pengen nyerah 😭😭",twitter
"tertekan amat sm ekspektasi ortu, capek ngejar, standar org lain mulu",twitter
"udh lama ga ngrasa, bahagia beneran, semua kerasa palsu",twitter
"deadline tadi siang tp belom mulai, stress gw tingkat dewa udh :(",twitter
"kebangun jam 3 trs ga bs tidur lg sampe pagi, stress jdnya",twitter
"frustrasi banget sama kondisi ini, udh usaha tp ga ada perubahan jg 😭😭",twitter
"rebahan dr jam 11 tp baru ketiduran subuh, badan ancur parah huhu",twitter
"udh di titik jenuh banget, smua terasa berat ga ada yg ringan",twitter
"udh jam 3 pagi masih melek, besok ada ujian tp mata ga mau tutup 😴",twitter
"ga bs dapet, tidur yg berkualitas, trs kebangun tengah malem 🤯",twitter
"frustrasi amat sama kondisi ini, udh usaha tp, ga ada perubahan jg",twitter
"ngerasa ga kuat, lg nanggung smua sendirian, terlalu banyak 😢",twitter
"udh coba segala cara buat, tidur tp mata ttp melek sampe pagi 🤯",twitter
"tertekan poll sm ekspektasi ortu, capek ngejar standar org lain mulu",twitter
"udh lama ga ngrasa bahagia beneran, semua kerasa palsu 😴",twitter
"ga bs tenang, pikiran muter trs ttg hasil test, anxiety parah 😢",twitter
"nervous poll sebelum sidang, perut mual deg2an",twitter
"nangis di kamar mandi biar ga ketauan, sendirian parah :(",twitter
"ngrasa invisible aja pdhl, lg di keramaian, ga ada yg liat gw",twitter
"otak gw overload bgt, info kebanyakan, ga bs fokus",twitter
"ngerasa hampa banget, udh lama ga bs seneng sama sekali capek hidup 😰",twitter
"takut bgt sama future gw, smua org keliatan sukses cuma gw doang yg stuck 🤯",twitter
"deg2an trs dr tadi, ga tau knp kayak ada firasat ga enak gt",twitter
"was2 bgt nunggu hasil interview, deg2an sampe ga napsu makan 😴",twitter
"panik parah tadi sidang, tangan gemetaran keringetan malu bngt 😢",twitter
"udh lama ga ngrasa bahagia beneran, semua kerasa palsu 🤯",twitter
"tiap mau tidur kepikiran masa depan, anxiety naik trs 🤯",twitter
takut gagal poll sampe gemeteran sblm presentasi 😴,twitter
"jam segini masih melek pdhl besok pagi hrs kuliah, capek bgt :(",twitter
"deg2an trs dr, tadi, ga tau knp kayak ada firasat ga enak gt",twitter
"khawatir amat sama masa depan ini, takut org tua kecewa",twitter
"udh 3 hari ini tidur kurang, dr 3 jam, badan ga kuat 😴",twitter
"capek parah sm tuntutan yg ga ada abisnya, gw, jg manusia bkn robot",twitter
"insomnia kumat lg, tiap malem cuma rebahan sambil nangis huhu",twitter
"stress level gw udah, tinggi, mau healing tp ga ada waktu sama sekali",twitter
"ngerasa trapped di situasi yg, ga bs gw kontrol, stress amat",twitter
"ga ada semangat buat ngelakuin apapun, hari2, berat parah :(",twitter
"khawatir poll sama hubungan ini, takut org tua kecewa 😞",twitter
@collegemenfess kak boleh kirim curhatan ga?,twitter
"nervous poll mau ketemu org baru,, sosial anxiety gw emg parah",twitter
"stress poll deadline numpuk smua minta tdi malem, otak gw uda ga jalan",twitter
"panic attack lagi, napas sesak, jantung mau copot tolong",twitter
"pusing poll, semua hal dateng barengan, gamau mikir apa2 lg huhu",twitter
promo!! diskon 50% buruan order skrg,twitter
"stress poll deadline numpuk smua minta beberapa hari ini, otak gw uda ga jalan",twitter
"burnout parah, udh sebulan kerja keras tp hasilnya nihil kecewa amat 😰",twitter
"insomnia kumat lg, tiap malem cuma rebahan sambil nangis 😢",twitter
"nervous parah sebelum kerja, perut, mual deg2an :(",twitter
"beban hubungan numpuk, gw mau meledak rasanya",twitter
capek pura2 baik2 aja pdhal dalem sini hancur amat :(,twitter
"jam segini masih melek pdhl besok pagi hrs meeting, capek banget, huhu",twitter
"putus asa parah, udh nyoba banyak hal, tp ga ada yg berhasil pengen nyerah",twitter
"pressure dr semua arah, ngerasa mau pecah, tp hrs ttp strong",twitter
"tiap mau tidur kepikiran sidang skripsi, anxiety naik trs 😞",twitter
"udh lama ga, ngrasa bahagia beneran, semua kerasa palsu",twitter
"ga bs tenang, pikiran muter trs ttg deadline kerjaan, anxiety parah 💔",twitter
https://t.co/abcxyz @collegemenfess check this out!!!,twitter
"otak gw overload bgt, info kebanyakan, ga, bs fokus 😢",twitter
"udh ga ngrasa apa2 lg, kosong parah, dalem sini, sedih jg ga bs 😰",twitter
"ga ada semangat buat ngelakuin apapun, hari2 berat poll",twitter
"udh jam 3 pagi masih melek, besok ada meeting tp mata ga mau tutup",twitter
"overthinking trs smpe ga bs tidur, besok ada deadline kerjaan tp malah kepikiran yg bukan2",twitter
"burnout parah, udh sebulan kerja keras tp hasilnya nihil kecewa banget 😭😭",twitter
"ngerasa hampa poll, udh lama, ga bs seneng sama sekali capek hidup",twitter
"udh lama ga, ngrasa bahagia beneran, semua kerasa palsu 😢",twitter
"pusing parah, semua hal, dateng barengan, gamau mikir apa2 lg",twitter
"stress poll deadline, numpuk smua minta tadi siang, otak gw uda ga jalan",twitter
"overthinking trs smpe ga bs tidur, besok ada presentasi tp malah kepikiran yg bukan2 😢",twitter
"nervous poll mau ketemu org baru, sosial anxiety gw emg parah",twitter
"kerja keras trs tp ga ada apresiasi, cape banget sm kondisi ini",twitter
"ngrasa jd beban buat semua org, mending gw ga ada aja kali ya huhu",twitter
"pola tidur gw, rusak parah, tidur jam 4 bangun jam 12 tiap hari 😞",twitter
"gelisah trs dr tdi malem, entah knp tiba2 ngrasa takut ga jelas gt",twitter
"nervous banget sebelum kerja, perut mual deg2an 🤯",twitter
"ga mau ketemu siapapun, gamau, ngomong, mau sendiri aja nangis",twitter
https://t.co/abcxyz @collegemenfess check this out!!!,twitter
"rebahan dr jam 11 tp baru ketiduran subuh, badan ancur bgt",twitter
@collegemenfess kak boleh kirim curhatan ga?,twitter
"tiap malem begadang, bukan krn mau, tp emg gabisa tidur",twitter
"nangis di kamar mandi, biar ga ketauan, sendirian bgt 😞",twitter
"insomnia kumat lg, tiap malem cuma rebahan sambil nangis 💔",twitter
"ngrasa gagal trs, ga pernah cukup apapun yg gw lakuin",twitter
"stress poll deadline numpuk smua minta kmrn malem,, otak gw uda ga jalan 🤯",twitter
"ga tau knp nangis2 sendiri, ngrsa ga berguna bgt hidup gw, slesai",twitter
"takut gagal poll sampe gemeteran sblm, meeting",twitter
"overthinking trs smpe, ga bs tidur, besok ada masalah keluarga tp malah kepikiran yg bukan2",twitter
"overthinking trs smpe ga bs tidur, besok ada ekspektasi org lain tp malah kepikiran yg bukan2",twitter
"tiap mau tidur kepikiran tugas kuliah, anxiety, naik trs 😞",twitter
"tekanan dr segala arah, dari ortu dosen pacar, mau kabur, rasanya 😢",twitter
"jam segini masih melek pdhl besok pagi hrs ujian, capek poll",twitter
"gelisah trs dr kmrn malem, entah knp tiba2 ngrasa takut ga jelas gt 😭😭",twitter
"anxiety gw kumat lg, jantung deg2an, pdhl ga ada apa2 help",twitter
"panik parah tadi kuliah, tangan gemetaran keringetan malu bngt",twitter
"udh minum susu, matiin hp,, tp tetep aja melek sampe subuh",twitter
"tekanan dr segala arah, dari ortu dosen pacar, mau kabur rasanya 😞",twitter
"ga bisa fokus sm sekali, pikiran kemana2 overthinking parah poll sih",twitter
"susah poll tidur belakangan ini, setiap mau tidur tiba2 anxiety 💔",twitter
"ga ada energi buat ngapa2in, makan aja males apalagi keluar huhu",twitter
"gabisa tidur dr kmrn, badan cape amat tp otak ga mau berhenti",twitter
follow @akunjualan dapat cashback,twitter
https://t.co/abcxyz @collegemenfess check this out!!!,twitter
promo!! diskon 50% buruan order skrg,twitter
promo!! diskon 50% buruan order skrg,twitter
"gw gabisa tidur dr beberapa hari ini, pikiran muter2 ga brenti ttg ekspektasi org lain",twitter
"kerja keras trs tp ga ada, apresiasi, cape bgt sm kondisi ini",twitter
"tekanan dr segala arah, dari ortu dosen pacar,, mau kabur rasanya 🤯",twitter
"tiap mau tidur, kepikiran macem2, makanya ga bs tidur 🤯",twitter
takut gagal amat sampe gemeteran sblm kuliah 😭😭,twitter
"tertekan bgt sm ekspektasi ortu, capek ngejar standar org lain mulu 🤯",twitter
"udh 3 hari ini tidur kurang dr, 3 jam, badan ga kuat",twitter
follow @akunjualan dapat cashback,twitter
"insomnia gw makin parah belakangan ini, sampe sakit kepala tiap, pagi",twitter
"tiap mau tidur kepikiran, sidang skripsi, anxiety naik trs",twitter
"ngerasa ga kuat lg, nanggung smua sendirian, terlalu banyak 😭😭",twitter
"ga bisa fokus sm sekali, pikiran kemana2, overthinking parah banget sih",twitter
"nervous parah sebelum interview, perut mual deg2an",twitter
"kelelahan parah tp ga bs tidur, badan lemes otak masih jalan terus 🤯",twitter
"takut banget sama future gw, smua org keliatan sukses cuma gw doang yg stuck 😰",twitter
"udh 3 hari ini tidur kurang dr 3 jam, badan ga kuat 💔",twitter
"burnout parah, udh sebulan kerja keras tp hasilnya nihil kecewa poll 😭😭",twitter
"jam segini masih melek pdhl besok pagi hrs kerja, capek bgt",twitter
"stress level gw udah tinggi, mau healing tp ga ada waktu sama sekali",twitter
"udh ga sanggup lg ngejalanin ini semua, capek poll, sm rutinitas",twitter
https://t.co/abcxyz @collegemenfess check this out!!!,twitter
"udh ga sanggup lg ngejalanin ini semua, capek parah sm rutinitas 😭😭",twitter
"ngrasa hidup gw ga ada artinya, mau ngapain jg sia2 aja :(",twitter
"stress level gw udah tinggi, mau healing, tp ga ada waktu sama sekali",twitter
"was2 bgt nunggu hasil meeting, deg2an sampe ga, napsu makan 😢",twitter
"jam 2 malem masih gabisa, bobo, pikiran muter2 ga ada habisnya 🤯",twitter
"ga bisa fokus sm sekali, pikiran kemana2 overthinking parah bgt sih :(",twitter
"ga bs dapet tidur yg berkualitas, trs, kebangun tengah malem",twitter
"deg2an trs dr tadi, ga tau knp kayak ada firasat ga enak, gt",twitter
"insomnia kumat lg, tiap malem cuma rebahan sambil nangis 😰",twitter
"ga ada semangat buat ngelakuin apapun, hari2 berat parah",twitter
"capek poll sm tuntutan yg ga ada abisnya, gw jg, manusia bkn robot 😢",twitter
"nervous poll mau ketemu org baru, sosial anxiety gw emg parah 🤯",twitter
"khawatir kalo tugas kuliah ga sesuai rencana, parno bgt jadinya",twitter
"insomnia gw makin parah belakangan ini, sampe sakit kepala tiap pagi 💔",twitter
"putus asa poll, udh nyoba banyak hal tp ga ada yg berhasil pengen nyerah",twitter
"ngrasa sendirian banget pdhl dikelilingin banyak org, ngga ada yg ngerti gw",twitter
"ngerasa trapped di situasi yg ga bs gw kontrol, stress poll huhu",twitter
"ngrasa disconnect sama diri sendiri, kayak liat hidup dr luar",twitter
"ngerasa hampa banget, udh lama ga bs seneng sama sekali capek hidup",twitter
badan udh minta istirahat tp pikiran malah makin aktif pas mau tidur,twitter
"frustrasi amat sama kondisi ini, udh usaha tp ga ada perubahan jg 😭😭",twitter
"gabisa tidur dr kmrn malem, badan cape banget tp otak ga mau berhenti",twitter
"muak parah sm sistem, udh kerja keras tp yg dapet reward org lain",twitter
"deg2an trs dr tadi, ga tau knp kayak ada firasat ga, enak gt 😭😭",twitter
"kelelahan bgt tp ga bs tidur, badan lemes, otak masih jalan terus",twitter
"stress level gw udah tinggi, mau healing tp ga ada waktu sama sekali, :(",twitter
"males ngapa2in, bangun tidur aja cape amat, pengen ilang aja :(",twitter
"udh berminggu2 ga bisa ngrasa seneng, ketawa jg rasanya hampa",twitter
"ngerasa exhausted tp ttp ga bs tidur, ini paling nyiksa, sih 😞",twitter
"panik banget tadi presentasi, tangan gemetaran keringetan malu bngt",twitter
"ga ada semangat buat ngelakuin apapun, hari2 berat bgt",twitter
"gelisah trs dr dua hari lalu, entah knp tiba2 ngrasa, takut ga jelas gt",twitter
"gabisa tidur dr tadi siang, badan cape banget tp otak ga mau berhenti",twitter
"stress level gw udah tinggi, mau healing tp, ga ada waktu sama sekali",twitter
"susah parah tidur belakangan ini, setiap mau, tidur tiba2 anxiety 😰",twitter
rt @user: retweet ini buat keberuntungan,twitter
rt @user: retweet ini buat keberuntungan,twitter
"jam segini masih melek pdhl besok pagi hrs meeting, capek amat",twitter
"setiap bangun pagi ngerasa berat, parah, gamau ngapa2in pengen tiduran aja",twitter
"nangis tiba2 tanpa sebab, udh biasa sih buat gw skrg :(",twitter
"jam segini masih melek pdhl besok pagi hrs kuliah, capek bgt",twitter
"nervous poll mau ketemu org baru, sosial anxiety, gw emg parah",twitter
"ngerasa trapped di situasi yg ga bs gw kontrol, stress bgt",twitter
"gabisa tidur dr seminggu lalu, badan cape poll tp otak ga mau berhenti 😴",twitter
"burnout parah, udh sebulan kerja keras tp hasilnya nihil kecewa amat 😞",twitter
"muak bgt sm sistem, udh kerja keras tp yg dapet reward org lain :(",twitter
"tiap mau tidur kepikiran masa depan, anxiety naik trs 🤯",twitter
"pressure dr semua arah, ngerasa mau pecah tp hrs ttp strong 😴",twitter
"gw gabisa tidur dr seminggu lalu, pikiran muter2 ga brenti ttg sidang skripsi 🤯",twitter
"gelisah trs dr seminggu, lalu, entah knp tiba2 ngrasa takut ga jelas gt",twitter
"panik bgt tadi pertemuan penting, tangan gemetaran keringetan malu bngt 💔",twitter
"otak gw overload parah, info kebanyakan,, ga bs fokus",twitter
"beban keputusan besar numpuk, gw mau meledak rasanya 🤯",twitter
"stress poll deadline numpuk smua, minta kmrn, otak gw uda ga jalan",twitter
"ga ada semangat buat ngelakuin apapun, hari2 berat banget 😴",twitter
"khawatir banget sama interview ini, takut org tua kecewa",twitter
"udh ga ngrasa apa2 lg, kosong amat dalem sini, sedih, jg ga bs 😰",twitter
"khawatir bgt sama presentasi ini, takut org tua kecewa",twitter
"rebahan dr jam 11 tp baru ketiduran subuh, badan ancur parah, 🤯",twitter
"tekanan dr segala arah, dari ortu dosen pacar, mau kabur rasanya",twitter
"tertekan amat sm ekspektasi ortu, capek ngejar standar org lain mulu 😰",twitter
"tekanan dr segala arah, dari ortu dosen pacar, mau kabur rasanya :(",twitter
"tertekan banget sm ekspektasi ortu, capek, ngejar standar org lain mulu",twitter
"ngrasa invisible aja pdhl, lg di keramaian, ga ada yg liat gw 😴",twitter
"udh minum susu, matiin hp, tp tetep aja melek sampe subuh 💔",twitter
"ngerasa ga kuat lg, nanggung smua sendirian, terlalu banyak",twitter
"gelisah trs dr kmrn, entah knp tiba2 ngrasa takut ga jelas gt",twitter
"khawatir kalo presentasi ga sesuai rencana, parno bgt jadinya",twitter
"males ngapa2in, bangun tidur aja cape parah,, pengen ilang aja",twitter
"panik bgt tadi sidang, tangan, gemetaran keringetan malu bngt",twitter
capek pura2 baik2 aja pdhal dalem sini hancur parah,twitter
"udh di titik jenuh amat, smua terasa berat ga ada yg ringan 😭😭",twitter
"ngrasa invisible aja pdhl lg di keramaian, ga, ada yg liat gw 😰",twitter
"khawatir kalo skripsi, ga sesuai rencana, parno bgt jadinya",twitter
"gw gabisa tidur dr tdi malem, pikiran muter2 ga brenti ttg keputusan besar",twitter
"otak gw overload amat, info kebanyakan, ga bs fokus :(",twitter
"otak gw overload amat, info kebanyakan, ga bs fokus 😢",twitter
"nervous parah sebelum kuliah, perut mual deg2an 💔",twitter
"badan udh minta istirahat tp pikiran malah makin aktif, pas mau tidur",twitter
"udh minum susu, matiin hp, tp tetep aja melek sampe, subuh",twitter
"ngrasa jd beban buat, semua org, mending gw ga ada aja kali ya",twitter
aq bngung amat mo nangis krn hubungan mulu ttg masa depan 😰,twitter
"overthinking trs smpe ga bs tidur, besok ada masalah keluarga tp malah kepikiran yg bukan2",twitter
"tertekan poll sm ekspektasi ortu, capek ngejar standar org lain mulu 😰",twitter
"takut gagal poll sampe gemeteran, sblm presentasi",twitter
"tekanan dr segala arah, dari ortu dosen pacar, mau kabur rasanya 😰",twitter
"setiap bangun pagi ngerasa berat bgt, gamau ngapa2in pengen tiduran aja",twitter
"udh jam 3 pagi masih melek, besok ada pertemuan penting tp mata ga mau tutup",twitter
"capek poll sm tuntutan yg ga ada, abisnya, gw jg manusia bkn robot",twitter
"capek pura2 baik2 aja, pdhal dalem sini hancur amat huhu",twitter
takut gagal parah sampe gemeteran sblm meeting,twitter
"tekanan dr segala arah, dari ortu dosen pacar, mau kabur, rasanya",twitter
"overwhelmed parah, to-do list makin panjang tp tenaga makin tipis huhu",twitter
"pusing banget, semua hal dateng barengan, gamau mikir apa2 lg 😴",twitter
"mata udh berat bgt tp begitu rebahan langsung, melek lg",twitter
"nervous banget sebelum kuliah, perut mual deg2an",twitter
"muak amat sm sistem, udh kerja keras tp yg dapet reward org lain",twitter
"overthinking trs smpe ga bs tidur, besok ada ekspektasi org lain tp malah kepikiran yg bukan2 💔",twitter
"udh ga sanggup lg ngejalanin ini, semua, capek amat sm rutinitas",twitter
"ga ada energi, buat ngapa2in, makan aja males apalagi keluar",twitter
"gelisah trs dr beberapa hari ini, entah knp tiba2 ngrasa takut ga jelas gt huhu",twitter
"panic attack lagi, napas sesak jantung mau copot tolong 🤯",twitter
"takut bgt sama future gw, smua org keliatan sukses cuma gw, doang yg stuck",twitter
"deadline kmrn malem tp belom mulai, stress gw tingkat dewa udh",twitter
"ga bisa fokus sm sekali, pikiran kemana2 overthinking parah parah sih 😢",twitter
"ngerasa exhausted tp ttp ga bs tidur,, ini paling nyiksa sih 😴",twitter
"anxiety gw kumat lg, jantung deg2an, pdhl ga ada apa2 help",twitter
"khawatir kalo presentasi ga sesuai rencana, parno bgt jadinya :(",twitter
takut gagal amat sampe gemeteran sblm pertemuan penting,twitter
"jantung berdebar trs dr beberapa hari ini, badan jg ikut tegang semua 🤯",twitter
"putus asa parah, udh nyoba banyak hal tp ga ada yg berhasil pengen nyerah huhu",twitter
"otak gw overload, parah, info kebanyakan, ga bs fokus 😢",twitter
"burnout parah, udh sebulan kerja keras tp hasilnya nihil kecewa poll 😢",twitter
"deadline beberapa hari ini tp belom mulai, stress gw tingkat dewa, udh 😴",twitter
"ga bs dapet tidur yg berkualitas, trs, kebangun tengah malem 😭😭",twitter
"deadline dua hari lalu tp belom mulai, stress gw tingkat dewa udh 🤯",twitter
"beban ujian numpuk, gw mau meledak rasanya",twitter
"males ngapa2in, bangun tidur aja cape poll, pengen ilang aja",twitter
"males ngapa2in, bangun tidur aja cape parah, pengen ilang aja 😰",twitter
"tiap mau tidur kepikiran macem2, makanya ga, bs tidur huhu",twitter
promo!! diskon 50% buruan order skrg,twitter
"ngrasa hidup gw ga ada artinya, mau ngapain jg sia2 aja 😰",twitter
"stress level gw udah tinggi, mau healing tp ga, ada waktu sama sekali",twitter
"susah amat tidur belakangan ini, setiap mau tidur tiba2 anxiety",twitter
"males ngapa2in, bangun tidur, aja cape parah, pengen ilang aja 😰",twitter
"badan udh minta, istirahat tp pikiran malah makin aktif pas mau tidur",twitter
"mata udh berat parah tp begitu, rebahan langsung melek lg",twitter
"nervous poll mau ketemu org baru, sosial anxiety gw emg parah 🤯",twitter
udh coba segala cara buat tidur tp mata ttp melek sampe pagi 💔,twitter
"males ngapa2in, bangun tidur aja cape, banget, pengen ilang aja :(",twitter
"jam 2 malem masih gabisa bobo, pikiran muter2 ga ada habisnya 🤯",twitter
"nervous poll sebelum sidang, perut mual deg2an",twitter
"udh di titik jenuh bgt, smua terasa berat ga ada yg ringan 😞",twitter
"overwhelmed parah, to-do list makin panjang tp tenaga makin tipis 😴",twitter
"jam 2 malem masih gabisa bobo, pikiran muter2 ga ada habisnya 😢",twitter
"overwhelmed parah, to-do list makin panjang, tp tenaga makin tipis 😞",twitter
"panik amat tadi ujian, tangan gemetaran keringetan, malu bngt 💔",twitter
"otak gw overload parah, info kebanyakan, ga bs fokus",twitter
"khawatir amat sama keputusan besar ini, takut org tua kecewa",twitter
"takut amat sama future gw,, smua org keliatan sukses cuma gw doang yg stuck",twitter
"nervous parah sebelum kuliah, perut mual deg2an 💔",twitter
"panik parah tadi ujian, tangan gemetaran keringetan malu bngt 🤯",twitter
"kerja keras trs tp ga ada apresiasi, cape parah sm kondisi ini 😭😭",twitter
"ngerasa hampa poll, udh lama ga bs seneng sama sekali capek hidup 💔",twitter
"kerja keras trs tp ga ada apresiasi, cape banget, sm kondisi ini",twitter
"nangis di kamar mandi biar ga ketauan, sendirian bgt",twitter
"udh di titik jenuh poll, smua terasa berat ga ada yg ringan",twitter
"udh berminggu2 ga bisa ngrasa seneng, ketawa, jg rasanya hampa 💔",twitter
"udh di titik jenuh bgt, smua terasa berat ga ada yg ringan",twitter
"putus asa amat, udh nyoba banyak hal tp ga ada yg berhasil pengen nyerah",twitter
"putus asa amat, udh nyoba banyak hal tp ga ada yg berhasil pengen nyerah 😞",twitter
"beban deadline kerjaan numpuk, gw mau meledak, rasanya",twitter
"susah banget tidur belakangan ini, setiap mau tidur, tiba2 anxiety",twitter
"stress level gw udah tinggi, mau healing tp ga ada waktu sama sekali 😢",twitter
"stress poll deadline numpuk smua minta beberapa hari ini, otak gw uda ga jalan :(",twitter
"ga mau ketemu siapapun, gamau ngomong, mau sendiri aja nangis 😢",twitter
"gelisah trs dr kmrn malem, entah knp tiba2 ngrasa takut ga jelas gt 😴",twitter
"ga bs dapet tidur yg berkualitas, trs kebangun tengah malem :(",twitter
"udh ga ngrasa apa2 lg, kosong banget dalem sini, sedih jg ga, bs 😰",twitter
"kerja keras trs tp ga ada apresiasi, cape parah sm kondisi ini",twitter
"nervous poll sebelum kuliah, perut mual deg2an",twitter
"overthinking trs smpe, ga bs tidur, besok ada masalah keluarga tp malah kepikiran yg bukan2",twitter
"jam segini masih melek pdhl besok pagi hrs sidang, capek parah",twitter
"jam segini masih melek pdhl besok pagi hrs kuliah, capek poll 😰",twitter
"udh 3 hari ini tidur, kurang dr 3 jam, badan ga kuat",twitter
"gelisah trs dr tadi siang, entah knp tiba2 ngrasa takut ga jelas gt huhu",twitter
"udh ga ngrasa apa2, lg, kosong amat dalem sini, sedih jg ga bs",twitter
"gw gabisa tidur dr seminggu lalu, pikiran muter2 ga brenti, ttg hubungan",twitter
"tiap hari ada aja masalah baru, ga sempet napas udh dateng lg yg baru, 😭😭",twitter
"kelelahan poll tp ga bs tidur, badan lemes otak masih jalan terus",twitter
"tekanan dr segala arah, dari ortu, dosen pacar, mau kabur rasanya",twitter
"ngerasa hampa poll, udh lama ga bs seneng sama sekali capek hidup",twitter
"ga bs dapet tidur yg berkualitas, trs kebangun tengah malem 😴",twitter
"males ngapa2in, bangun tidur aja cape bgt, pengen ilang aja",twitter
capek pura2 baik2 aja pdhal dalem sini hancur parah :(,twitter
"ngrasa disconnect sama diri sendiri, kayak, liat hidup dr luar",twitter
"panik poll tadi ujian, tangan gemetaran keringetan malu bngt",twitter
"burnout parah, udh sebulan kerja keras tp hasilnya nihil kecewa poll",twitter
"nervous amat sebelum presentasi, perut mual, deg2an",twitter
"anxiety gw kumat lg, jantung deg2an pdhl ga ada apa2 help 😞",twitter
"overwhelmed parah, to-do list makin panjang tp tenaga makin tipis",twitter
"gelisah trs dr beberapa hari ini, entah knp tiba2 ngrasa takut ga, jelas gt",twitter
"tiap malem begadang, bukan krn mau tp emg gabisa tidur :(",twitter
"ngrasa jd beban buat semua, org, mending gw ga ada aja kali ya",twitter
"nangis tiba2 tanpa sebab, udh biasa sih, buat gw skrg",twitter
"udh berminggu2 ga bisa ngrasa seneng, ketawa jg rasanya hampa 😢",twitter
"ga bisa fokus sm sekali, pikiran kemana2 overthinking parah amat sih :(",twitter
"stress poll deadline, numpuk smua minta kmrn malem, otak gw uda ga jalan 💔",twitter
"tertekan banget sm ekspektasi ortu, capek, ngejar standar org lain mulu 💔",twitter
"udh 3 hari ini tidur kurang dr 3 jam, badan ga kuat 😰",twitter
"jam segini masih melek pdhl besok pagi hrs ujian, capek bgt :(",twitter
"setiap bangun pagi ngerasa berat poll, gamau ngapa2in pengen tiduran aja",twitter
"setiap bangun pagi, ngerasa berat banget, gamau ngapa2in pengen tiduran aja",twitter
"panic attack lagi,, napas sesak jantung mau copot tolong 🤯",twitter
"ga ada energi buat, ngapa2in, makan aja males apalagi keluar 😞",twitter
"tiap malem begadang, bukan krn, mau tp emg gabisa tidur",twitter
"ngrasa jd beban buat semua org, mending gw ga ada aja kali ya",twitter
"khawatir kalo nilai ga, sesuai rencana, parno bgt jadinya",twitter
"nangis di kamar mandi, biar ga ketauan, sendirian amat huhu",twitter
"gabisa tidur dr dua hari lalu, badan cape parah tp otak ga mau berhenti",twitter
"pusing poll, semua hal dateng, barengan, gamau mikir apa2 lg",twitter
"ngrasa disconnect sama diri sendiri, kayak liat hidup dr, luar 😰",twitter
"ngrasa invisible aja pdhl lg di keramaian, ga, ada yg liat gw",twitter
"was2 parah nunggu hasil meeting, deg2an sampe, ga napsu makan",twitter
"deadline kmrn tp, belom mulai, stress gw tingkat dewa udh",twitter
"capek amat sm tuntutan yg ga ada abisnya, gw, jg manusia bkn robot",twitter
"pressure dr semua arah, ngerasa mau pecah tp, hrs ttp strong",twitter
"takut gagal poll sampe, gemeteran sblm presentasi",twitter
"udh di titik jenuh parah, smua terasa berat ga ada yg ringan 😰",twitter
"ngrasa disconnect sama diri sendiri, kayak liat hidup, dr luar",twitter
"udh berminggu2 ga bisa, ngrasa seneng, ketawa jg rasanya hampa",twitter
"ngrasa jd beban buat semua org, mending gw ga ada aja kali ya 😰",twitter
"jam 2 malem masih gabisa bobo, pikiran muter2 ga ada, habisnya",twitter
"kelelahan banget tp ga bs tidur, badan lemes otak masih jalan terus",twitter
"nangis di kamar mandi biar ga ketauan, sendirian banget 😴",twitter
"frustrasi banget sama kondisi ini, udh usaha tp ga ada perubahan jg",twitter
"ngrasa gagal trs, ga pernah cukup apapun yg gw lakuin 💔",twitter
"was2 parah nunggu hasil pertemuan penting, deg2an sampe ga napsu makan",twitter
"beban keputusan besar numpuk, gw mau, meledak rasanya",twitter
"ga tau knp nangis2 sendiri, ngrsa ga berguna parah hidup gw slesai :(",twitter
"udh ga ngrasa apa2 lg, kosong poll dalem sini, sedih jg ga bs :(",twitter
"otak gw overload amat, info kebanyakan,, ga bs fokus 😰",twitter
"khawatir kalo presentasi ga sesuai rencana, parno bgt jadinya 🤯",twitter
"ngrasa disconnect sama diri sendiri, kayak liat hidup dr luar 😞",twitter
"stress poll deadline numpuk smua minta dua hari lalu, otak gw uda ga jalan 💔",twitter
"udh coba segala cara, buat tidur tp mata ttp melek sampe pagi",twitter
"putus asa bgt, udh nyoba banyak hal tp ga ada yg berhasil pengen nyerah",twitter
"udh berminggu2 ga, bisa ngrasa seneng, ketawa jg rasanya hampa",twitter
"susah parah tidur belakangan ini, setiap mau tidur, tiba2 anxiety",twitter
"ngrasa disconnect sama diri, sendiri, kayak liat hidup dr luar",twitter
capek pura2 baik2 aja pdhal dalem sini hancur parah 😴,twitter
"nervous banget sebelum sidang, perut mual deg2an 💔",twitter
"tiap mau tidur kepikiran macem2, makanya ga, bs tidur",twitter
"ga bs tenang, pikiran muter trs ttg skripsi, anxiety parah",twitter
"deg2an trs dr tadi, ga tau knp kayak ada firasat ga enak gt :(",twitter
"kelelahan poll tp ga bs, tidur, badan lemes otak masih jalan terus 😰",twitter
"ngrasa gagal trs, ga pernah cukup apapun yg gw lakuin :(",twitter
"anxiety gw kumat lg, jantung deg2an pdhl ga ada, apa2 help",twitter
"tiap hari ada aja masalah baru, ga sempet napas udh dateng lg yg baru :(",twitter
"udh ga sanggup lg ngejalanin ini semua, capek amat sm rutinitas",twitter
"ga ada semangat, buat ngelakuin apapun, hari2 berat amat",twitter
"jam 2 malem masih gabisa bobo, pikiran muter2 ga ada habisnya",twitter
rt @user: retweet ini buat keberuntungan,twitter
"setiap bangun pagi ngerasa berat banget, gamau ngapa2in pengen tiduran aja 😞",twitter
"kebangun jam 3 trs, ga bs tidur lg sampe pagi, stress jdnya",twitter
"putus asa banget, udh nyoba banyak hal tp ga ada yg berhasil pengen nyerah",twitter
follow @akunjualan dapat cashback,twitter
"nervous poll sebelum meeting, perut mual deg2an",twitter
"jam segini masih melek pdhl besok pagi hrs presentasi, capek bgt 😭😭",twitter
"panic attack lagi, napas sesak jantung mau copot tolong",twitter
"tekanan dr segala, arah, dari ortu dosen pacar, mau kabur rasanya",twitter
"jam segini masih melek pdhl besok pagi hrs meeting, capek banget",twitter
"kelelahan amat tp ga bs tidur, badan lemes otak masih jalan terus",twitter
"ngrasa hidup gw ga ada artinya, mau ngapain, jg sia2 aja 😢",twitter
"kerja keras trs tp ga ada apresiasi, cape banget, sm kondisi ini 🤯",twitter
"udh berminggu2 ga bisa ngrasa seneng, ketawa jg rasanya hampa 😰",twitter
"deg2an trs dr tadi, ga tau knp kayak ada firasat ga enak gt 💔",twitter
"tiap mau tidur, kepikiran interview, anxiety naik trs",twitter
"kelelahan bgt tp ga bs tidur, badan lemes otak masih jalan terus 🤯",twitter
"insomnia gw makin parah belakangan ini, sampe sakit kepala tiap pagi 😭😭",twitter
"kelelahan bgt tp ga bs tidur, badan lemes otak masih jalan terus huhu",twitter
"pressure dr semua arah, ngerasa mau pecah tp hrs ttp strong 🤯",twitter
"ga bs tenang, pikiran muter trs ttg hasil test, anxiety parah",twitter
@collegemenfess kak boleh kirim curhatan ga?,twitter
"khawatir poll sama ekspektasi org lain ini, takut org tua kecewa",twitter
"ngrasa gagal trs, ga pernah cukup apapun yg gw lakuin 😰",twitter
"tiap mau tidur kepikiran hubungan, anxiety naik trs :(",twitter
"insomnia kumat lg, tiap malem cuma rebahan, sambil nangis 💔",twitter
"deadline dua hari lalu tp belom mulai, stress gw tingkat dewa udh 😰",twitter
"beban ekspektasi org lain numpuk, gw mau meledak rasanya 😞",twitter
"overthinking trs smpe ga bs tidur, besok ada hubungan tp malah kepikiran yg bukan2",twitter
"beban ekspektasi org lain numpuk, gw mau meledak rasanya",twitter
"khawatir kalo skripsi ga sesuai rencana, parno bgt jadinya",twitter
"jam segini masih melek pdhl besok pagi hrs ujian, capek amat",twitter
"ga tau knp nangis2 sendiri, ngrsa ga berguna poll hidup gw slesai",twitter
"udh minum susu,, matiin hp, tp tetep aja melek sampe subuh",twitter
"tertekan poll sm ekspektasi ortu, capek ngejar standar org lain mulu 🤯",twitter
"khawatir kalo hubungan, ga sesuai rencana, parno bgt jadinya",twitter
"gw gabisa tidur dr tdi malem, pikiran muter2 ga brenti ttg hasil test",twitter
"ga bisa fokus sm, sekali, pikiran kemana2 overthinking parah parah sih 😰",twitter
"jantung berdebar trs, dr beberapa hari ini, badan jg ikut tegang semua",twitter
"ngerasa trapped di situasi, yg ga bs gw kontrol, stress bgt",twitter
"udh jam 3 pagi masih melek, besok ada kuliah tp mata ga mau tutup",twitter
"tertekan bgt sm ekspektasi ortu, capek ngejar standar org, lain mulu 💔",twitter
"frustrasi bgt sama kondisi, ini, udh usaha tp ga ada perubahan jg :(",twitter
"males ngapa2in, bangun tidur, aja cape amat, pengen ilang aja",twitter
"males ngapa2in, bangun tidur aja, cape bgt, pengen ilang aja huhu",twitter
"otak gw overload amat, info kebanyakan, ga bs fokus",twitter
"pressure dr semua arah, ngerasa mau pecah tp, hrs ttp strong 💔",twitter
"deg2an trs dr tadi, ga tau knp kayak ada firasat ga, enak gt huhu",twitter
"ngrasa jd beban buat semua org, mending gw ga ada aja, kali ya",twitter
"ga bisa fokus sm sekali, pikiran kemana2 overthinking parah banget sih",twitter
"tiap mau tidur kepikiran macem2, makanya, ga bs tidur 💔",twitter
"stress level gw udah tinggi, mau healing tp ga ada waktu sama sekali 😭😭",twitter
"ga ada energi buat ngapa2in, makan aja males apalagi keluar 😢",twitter
"udh ga sanggup, lg ngejalanin ini semua, capek bgt sm rutinitas 💔",twitter
"ga mau ketemu siapapun, gamau ngomong, mau sendiri, aja nangis 😴",twitter
"setiap bangun pagi ngerasa berat amat,, gamau ngapa2in pengen tiduran aja",twitter
"pusing bgt, semua hal dateng barengan, gamau mikir apa2 lg",twitter
"overwhelmed parah, to-do list makin, panjang tp tenaga makin tipis",twitter
"jam 2 malem masih gabisa bobo, pikiran muter2, ga ada habisnya",twitter
"capek pura2 baik2, aja pdhal dalem sini hancur bgt",twitter
"tiap mau tidur kepikiran hubungan, anxiety naik trs",twitter
"khawatir kalo deadline kerjaan ga sesuai rencana, parno bgt jadinya huhu",twitter
"panik banget tadi meeting, tangan gemetaran keringetan malu, bngt",twitter
"ga ada semangat buat ngelakuin apapun, hari2 berat banget",twitter
"udh jam 3 pagi masih melek, besok ada pertemuan penting tp mata ga mau tutup huhu",twitter
"panik banget tadi pertemuan penting, tangan gemetaran keringetan malu bngt 😭😭",twitter
"beban interview numpuk,, gw mau meledak rasanya",twitter
"nangis tiba2 tanpa sebab, udh biasa sih buat, gw skrg 😢",twitter
"ngrasa invisible aja pdhl lg di keramaian, ga ada yg liat gw huhu",twitter
"khawatir kalo pekerjaan ga sesuai, rencana, parno bgt jadinya huhu",twitter
"beban keputusan besar numpuk, gw mau meledak rasanya",twitter
"capek amat sm tuntutan yg, ga ada abisnya, gw jg manusia bkn robot",twitter
"nangis tiba2 tanpa sebab, udh biasa sih buat gw skrg",twitter
"takut gagal bgt sampe gemeteran, sblm kuliah",twitter
"nangis tiba2 tanpa sebab, udh biasa, sih buat gw skrg :(",twitter
"cemas amat mikirin tugas kuliah, ga bisa berhenti mikir",twitter
"deadline beberapa hari ini tp belom mulai, stress gw tingkat dewa udh",twitter
"ngerasa hampa parah, udh lama ga bs seneng sama sekali capek hidup",twitter
"deadline tadi siang tp belom mulai, stress gw tingkat dewa udh",twitter
"overthinking trs smpe ga bs tidur, besok ada, presentasi tp malah kepikiran yg bukan2",twitter
"panic attack lagi, napas sesak jantung mau copot tolong :(",twitter
"ga ada semangat buat ngelakuin apapun, hari2 berat bgt 😞",twitter
"insomnia kumat lg, tiap, malem cuma rebahan sambil nangis",twitter
"capek banget sm tuntutan yg ga ada abisnya, gw jg manusia bkn robot",twitter
"kelelahan amat tp ga bs tidur, badan lemes otak masih jalan terus 😰",twitter
"capek pura2 baik2 aja pdhal dalem sini hancur, banget :(",twitter
"nervous poll mau ketemu org baru, sosial anxiety gw emg parah",twitter
"udh di titik, jenuh bgt, smua terasa berat ga ada yg ringan 💔",twitter
"khawatir kalo interview ga sesuai rencana, parno bgt jadinya 😰",twitter
"burnout parah, udh, sebulan kerja keras tp hasilnya nihil kecewa parah",twitter
"tekanan dr segala arah, dari ortu dosen pacar,, mau kabur rasanya",twitter
"jam segini masih, melek pdhl besok pagi hrs interview, capek parah",twitter
"otak gw overload poll, info kebanyakan, ga bs fokus",twitter
"ga ada energi buat ngapa2in, makan aja males apalagi keluar",twitter
mata udh berat poll tp begitu rebahan langsung melek lg,twitter
"ngrasa sendirian parah, pdhl dikelilingin banyak org, ngga ada yg ngerti gw 😴",twitter
"udh di titik jenuh bgt, smua terasa berat ga ada yg ringan 🤯",twitter
@collegemenfess kak boleh kirim curhatan ga?,twitter
"gabisa tidur dr kmrn malem, badan cape amat, tp otak ga mau berhenti 😭😭",twitter
"gw gabisa tidur dr tadi siang, pikiran muter2 ga brenti ttg sidang skripsi",twitter
"males ngapa2in, bangun tidur aja cape poll, pengen ilang aja 😞",twitter
"jam segini masih melek pdhl besok pagi hrs sidang, capek banget",twitter
aq bngung banget mo nangis krn skripsi mulu ttg masa depan :(,twitter
"nervous bgt sebelum kerja, perut mual deg2an",twitter
"udh lama ga ngrasa bahagia, beneran, semua kerasa palsu",twitter
"khawatir kalo deadline kerjaan ga sesuai rencana, parno, bgt jadinya",twitter
"takut gagal bgt sampe gemeteran, sblm meeting",twitter
"jam segini masih melek pdhl besok pagi hrs sidang, capek banget huhu",twitter
"frustrasi banget sama kondisi ini, udh usaha tp ga ada, perubahan jg",twitter
"udh jam 3 pagi masih melek, besok ada sidang tp mata ga mau tutup",twitter
"was2 amat nunggu hasil meeting, deg2an sampe ga napsu makan",twitter
udh coba segala cara buat tidur tp mata ttp melek sampe pagi 😰,twitter
follow @akunjualan dapat cashback,twitter
"ngrasa gagal trs,, ga pernah cukup apapun yg gw lakuin :(",twitter
"capek bgt sm tuntutan yg ga ada abisnya, gw jg manusia bkn robot",twitter
"udh di titik jenuh poll, smua terasa berat ga ada yg ringan 💔",twitter
"ngrasa sendirian bgt pdhl dikelilingin banyak org, ngga ada yg ngerti gw",twitter
"ngerasa hampa parah, udh lama ga bs seneng sama sekali capek hidup :(",twitter
"was2 parah nunggu hasil sidang, deg2an sampe ga napsu, makan",twitter
"putus asa bgt, udh nyoba banyak hal tp ga ada yg berhasil pengen, nyerah",twitter
"rebahan dr jam 11, tp baru ketiduran subuh, badan ancur parah 💔",twitter
"nervous amat sebelum kerja, perut mual deg2an huhu",twitter
"tiap malem begadang, bukan krn mau tp emg gabisa tidur 😰",twitter
"ngrasa disconnect sama diri sendiri, kayak liat hidup dr luar 😭😭",twitter
"kerja keras trs tp ga ada apresiasi, cape poll sm kondisi ini",twitter
"gw gabisa tidur dr tadi siang, pikiran muter2 ga brenti ttg masa depan",twitter
"udh jam 3 pagi masih melek, besok ada pertemuan penting tp mata ga mau tutup 😭😭",twitter
"ga ada energi buat ngapa2in,, makan aja males apalagi keluar",twitter
"nervous parah sebelum sidang, perut mual deg2an",twitter
"ga bisa fokus sm sekali, pikiran kemana2 overthinking parah bgt sih",twitter
"takut bgt sama future gw, smua org keliatan sukses, cuma gw doang yg stuck",twitter
"ga bs tenang, pikiran muter trs ttg nilai,, anxiety parah",twitter
"ga bs tenang, pikiran muter trs ttg deadline kerjaan, anxiety parah",twitter
"nervous parah sebelum kuliah, perut mual deg2an 🤯",twitter
"was2 bgt nunggu hasil ujian,, deg2an sampe ga napsu makan",twitter
"udh ga ngrasa apa2 lg, kosong poll dalem, sini, sedih jg ga bs 😴",twitter
"badan udh minta, istirahat tp pikiran malah makin aktif pas mau tidur 😢",twitter
"deadline dua hari lalu tp belom mulai, stress gw tingkat dewa udh",twitter
"stress poll deadline numpuk smua minta tadi siang, otak gw uda ga jalan",twitter
"kelelahan parah tp ga bs tidur, badan lemes otak masih jalan terus 😢",twitter
"ngerasa exhausted tp ttp ga bs, tidur, ini paling nyiksa sih",twitter
"pressure dr semua arah, ngerasa mau pecah tp hrs ttp strong",twitter
"tiap mau tidur kepikiran sidang skripsi, anxiety naik, trs",twitter
"udh coba segala cara buat tidur, tp mata ttp melek sampe pagi",twitter
"ngrasa disconnect sama diri sendiri, kayak, liat hidup dr luar 😞",twitter
"frustrasi amat sama kondisi ini, udh usaha tp ga ada perubahan jg",twitter
rt @user: retweet ini buat keberuntungan,twitter
follow @akunjualan dapat cashback,twitter
"susah parah tidur belakangan ini, setiap mau tidur tiba2 anxiety",twitter
capek pura2 baik2 aja pdhal dalem sini hancur banget 😰,twitter
"kelelahan poll tp ga bs, tidur, badan lemes otak masih jalan terus",twitter
"ga tau knp nangis2 sendiri, ngrsa ga berguna poll hidup gw slesai 😴",twitter
"ngerasa exhausted tp ttp ga bs tidur, ini paling nyiksa sih 😴",twitter
"susah bgt tidur belakangan ini, setiap mau tidur tiba2 anxiety, 😴",twitter
"stress level gw udah tinggi, mau healing tp ga ada waktu sama, sekali",twitter
"udh jam 3 pagi masih melek, besok ada interview tp mata ga mau tutup",twitter
"stress level gw udah tinggi, mau, healing tp ga ada waktu sama sekali 😴",twitter
"ga bisa fokus sm sekali, pikiran kemana2 overthinking parah bgt sih huhu",twitter
"kelelahan bgt tp ga bs tidur, badan lemes otak masih jalan terus 😞",twitter
promo!! diskon 50% buruan order skrg,twitter
capek pura2 baik2 aja pdhal dalem sini hancur poll 😭😭,twitter
"ngrasa disconnect sama diri sendiri, kayak liat hidup dr luar :(",twitter
"ga bs dapet, tidur yg berkualitas, trs kebangun tengah malem huhu",twitter
"insomnia gw makin parah belakangan ini, sampe sakit kepala, tiap pagi 😴",twitter
"stress level gw udah tinggi, mau healing tp ga, ada waktu sama sekali 💔",twitter
"ga mau ketemu siapapun, gamau ngomong, mau sendiri aja nangis",twitter
"pola tidur gw, rusak parah, tidur jam 4 bangun jam 12 tiap hari 💔",twitter
"udh jam 3 pagi masih melek,, besok ada pertemuan penting tp mata ga mau tutup",twitter
promo!! diskon 50% buruan order skrg,twitter
"khawatir kalo masa depan ga sesuai rencana, parno bgt jadinya 😭😭",twitter
"jantung berdebar trs dr kmrn, badan jg ikut tegang semua 🤯",twitter
"ga ada energi buat ngapa2in, makan aja males apalagi keluar 😴",twitter
"was2 poll nunggu hasil pertemuan penting, deg2an sampe ga napsu makan",twitter
"rebahan dr jam 11 tp baru ketiduran subuh, badan ancur bgt 😞",twitter
"nervous amat sebelum presentasi, perut mual deg2an",twitter
"putus asa poll, udh nyoba banyak hal tp, ga ada yg berhasil pengen nyerah 😰",twitter
"kerja keras trs tp ga ada apresiasi, cape bgt sm kondisi ini",twitter
"deadline kmrn tp belom mulai, stress gw tingkat, dewa udh",twitter
"ngerasa hampa bgt, udh lama ga, bs seneng sama sekali capek hidup",twitter
"panic attack lagi, napas sesak jantung mau copot tolong 😞",twitter
"nervous poll mau ketemu org baru,, sosial anxiety gw emg parah",twitter
"putus asa bgt, udh nyoba banyak, hal tp ga ada yg berhasil pengen nyerah",twitter
"gabisa tidur dr tdi malem, badan cape banget tp otak ga mau berhenti",twitter
"nangis tiba2 tanpa sebab,, udh biasa sih buat gw skrg 🤯",twitter
"insomnia kumat lg, tiap malem cuma, rebahan sambil nangis 😞",twitter
"setiap bangun pagi, ngerasa berat parah, gamau ngapa2in pengen tiduran aja 💔",twitter
"nangis di kamar mandi biar ga ketauan, sendirian amat 🤯",twitter
"cemas bgt mikirin deadline kerjaan, ga bisa berhenti mikir",twitter
"rebahan dr jam 11 tp baru ketiduran subuh, badan ancur parah 💔",twitter
"panic attack lagi, napas sesak jantung mau, copot tolong :(",twitter
"gabisa tidur dr kmrn, badan cape banget tp otak ga mau berhenti 😴",twitter
promo!! diskon 50% buruan order skrg,twitter
"tekanan dr segala arah, dari ortu dosen pacar, mau kabur rasanya 😢",twitter
"udh jam 3 pagi masih melek, besok ada kuliah tp mata ga mau tutup 😴",twitter
"ga bs dapet tidur yg berkualitas, trs kebangun, tengah malem",twitter
"udh ga ngrasa apa2, lg, kosong parah dalem sini, sedih jg ga bs",twitter
"overwhelmed parah, to-do list makin panjang tp tenaga makin tipis :(",twitter
"capek bgt sm tuntutan yg, ga ada abisnya, gw jg manusia bkn robot 😢",twitter
"beban masa depan numpuk,, gw mau meledak rasanya",twitter
"pressure dr semua arah, ngerasa mau pecah, tp hrs ttp strong 😢",twitter
"ngrasa disconnect sama diri sendiri, kayak liat, hidup dr luar",twitter
"takut amat sama future gw, smua, org keliatan sukses cuma gw doang yg stuck 😰",twitter
"ga bisa fokus sm sekali, pikiran kemana2 overthinking parah banget sih :(",twitter
"stress poll deadline numpuk, smua minta kmrn malem, otak gw uda ga jalan",twitter
"overthinking trs smpe ga bs tidur, besok ada presentasi tp malah kepikiran yg bukan2 💔",twitter
"ga ada semangat buat ngelakuin apapun, hari2, berat parah",twitter
"anxiety gw kumat lg, jantung deg2an pdhl ga ada apa2 help",twitter
"khawatir kalo presentasi ga sesuai rencana, parno bgt jadinya",twitter
"was2 amat nunggu hasil, presentasi, deg2an sampe ga napsu makan",twitter
"ga bs tenang, pikiran muter trs ttg nilai, anxiety parah",twitter
"khawatir kalo ujian ga sesuai rencana, parno bgt jadinya",twitter
"males ngapa2in, bangun tidur, aja cape parah, pengen ilang aja 🤯",twitter
"kebangun jam 3 trs ga bs tidur, lg sampe pagi, stress jdnya 😭😭",twitter
"udh ga sanggup lg ngejalanin ini semua, capek, amat sm rutinitas",twitter
"ga ada semangat buat ngelakuin apapun, hari2 berat amat 😞",twitter
"insomnia gw makin parah belakangan ini,, sampe sakit kepala tiap pagi",twitter
"stress level gw udah tinggi, mau healing tp ga ada waktu sama sekali 😰",twitter
"ngrasa disconnect sama diri sendiri,, kayak liat hidup dr luar",twitter
"gabisa tidur dr beberapa hari ini, badan cape banget tp otak ga mau berhenti",twitter
"anxiety gw kumat lg, jantung deg2an pdhl ga ada apa2 help",twitter
"gw gabisa tidur dr dua hari lalu, pikiran muter2 ga brenti ttg pekerjaan 😞",twitter
"ga bs dapet, tidur yg berkualitas, trs kebangun tengah malem 😴",twitter
"otak gw overload poll, info kebanyakan, ga bs fokus :(",twitter
"setiap bangun pagi ngerasa berat bgt, gamau ngapa2in pengen, tiduran aja",twitter
badan udh minta istirahat tp pikiran malah makin aktif pas mau tidur 😭😭,twitter
"udh ga ngrasa apa2 lg, kosong amat dalem sini, sedih jg ga bs",twitter
https://t.co/abcxyz @collegemenfess check this out!!!,twitter
"tiap hari ada aja masalah baru, ga sempet napas udh dateng lg yg baru",twitter
"was2 banget nunggu hasil meeting, deg2an sampe ga napsu makan",twitter
"ga tau knp nangis2 sendiri, ngrsa ga berguna bgt hidup gw slesai",twitter
"mata udh berat parah, tp begitu rebahan langsung melek lg",twitter
"ngerasa hampa poll, udh lama ga bs seneng sama sekali capek hidup huhu",twitter
"udh minum susu, matiin hp, tp tetep aja melek sampe subuh",twitter
"ga ada semangat buat ngelakuin apapun, hari2 berat amat",twitter
"tertekan banget sm ekspektasi ortu, capek ngejar standar org lain mulu 😴",twitter
"males ngapa2in, bangun tidur aja cape, parah, pengen ilang aja 😰",twitter
"putus asa bgt, udh nyoba banyak hal tp ga ada yg berhasil pengen nyerah :(",twitter
"kelelahan amat tp ga, bs tidur, badan lemes otak masih jalan terus",twitter
follow @akunjualan dapat cashback,twitter
"ngerasa trapped di situasi, yg ga bs gw kontrol, stress poll",twitter
"pola tidur gw rusak parah, tidur jam 4 bangun jam 12 tiap hari 😞",twitter
"udh di titik jenuh parah, smua terasa berat ga ada yg ringan",twitter
"ngerasa ga kuat lg nanggung smua sendirian, terlalu banyak huhu",twitter
"ga tau knp nangis2 sendiri, ngrsa ga berguna, banget hidup gw slesai",twitter
"males ngapa2in, bangun tidur aja cape amat, pengen ilang aja",twitter
rt @user: retweet ini buat keberuntungan,twitter
"ga bisa fokus sm sekali, pikiran kemana2 overthinking parah parah sih huhu",twitter
mata udh berat amat tp begitu rebahan langsung melek lg,twitter
"ga bs dapet tidur yg berkualitas,, trs kebangun tengah malem 💔",twitter
"gabisa tidur dr tadi siang, badan cape bgt tp otak ga mau berhenti",twitter
"udh jam 3 pagi masih melek, besok ada presentasi tp mata ga mau tutup",twitter
"anxiety gw kumat lg, jantung deg2an pdhl ga ada apa2 help huhu",twitter
"nervous amat sebelum meeting, perut mual deg2an",twitter
capek pura2 baik2 aja pdhal dalem sini hancur bgt,twitter
"capek banget sm, tuntutan yg ga ada abisnya, gw jg manusia bkn robot",twitter
@collegemenfess kak boleh kirim curhatan ga?,twitter
"udh berminggu2 ga bisa ngrasa, seneng, ketawa jg rasanya hampa 😰",twitter
"ngrasa sendirian bgt pdhl dikelilingin banyak org, ngga ada yg ngerti gw 🤯",twitter
"jam segini masih melek pdhl besok pagi hrs, kuliah, capek amat",twitter
"tiap mau tidur kepikiran macem2, makanya ga bs tidur",twitter
"nervous poll mau ketemu org baru, sosial anxiety gw emg parah :(",twitter
"nangis di kamar mandi biar ga ketauan, sendirian amat 😭😭",twitter
"ga ada semangat buat ngelakuin apapun, hari2 berat amat 😭😭",twitter
follow @akunjualan dapat cashback,twitter
"udh coba segala cara buat tidur tp, mata ttp melek sampe pagi 😰",twitter
"panik banget tadi kerja, tangan gemetaran keringetan malu bngt",twitter
"udh ga ngrasa apa2, lg, kosong parah dalem sini, sedih jg ga bs :(",twitter
"takut gagal amat sampe, gemeteran sblm interview 😢",twitter
"khawatir kalo presentasi ga sesuai rencana, parno bgt jadinya 😢",twitter
"ngrasa hidup gw ga ada artinya, mau ngapain jg sia2 aja 😞",twitter
"pusing poll, semua hal dateng barengan, gamau mikir apa2 lg",twitter
"beban tugas kuliah numpuk, gw mau meledak rasanya",twitter
capek pura2 baik2 aja pdhal dalem sini hancur banget,twitter
"tekanan dr segala arah, dari ortu dosen pacar, mau kabur rasanya 😴",twitter
"insomnia gw makin parah belakangan ini, sampe sakit kepala tiap pagi :(",twitter
"khawatir kalo ujian ga sesuai rencana, parno bgt, jadinya",twitter
"ga ada semangat buat ngelakuin apapun, hari2, berat poll 😞",twitter
"pressure dr semua arah, ngerasa mau pecah tp hrs ttp strong 😰",twitter
"stress poll deadline numpuk smua minta beberapa hari ini,, otak gw uda ga jalan 🤯",twitter
"ngrasa hidup gw ga ada artinya,, mau ngapain jg sia2 aja 😢",twitter
"udh ga ngrasa apa2 lg, kosong bgt dalem sini, sedih jg ga bs, :(",twitter
"ngrasa hidup gw ga ada artinya, mau ngapain jg sia2, aja 😭😭",twitter
mata udh berat banget tp begitu rebahan langsung melek lg,twitter
"kebangun jam 3 trs ga bs tidur lg sampe pagi, stress jdnya huhu",twitter
"capek banget sm tuntutan yg ga ada abisnya,, gw jg manusia bkn robot",twitter
"ngerasa exhausted tp ttp ga bs tidur, ini paling nyiksa sih",twitter
"ga bisa fokus sm sekali, pikiran kemana2 overthinking parah parah sih 🤯",twitter
"udh 3 hari ini tidur kurang dr 3 jam, badan ga kuat huhu",twitter
"nangis di kamar mandi biar, ga ketauan, sendirian amat 😴",twitter
"ngrasa disconnect sama diri sendiri, kayak liat hidup dr, luar",twitter
"gw gabisa tidur dr, kmrn, pikiran muter2 ga brenti ttg masa depan",twitter
"panik parah tadi ujian, tangan gemetaran keringetan malu bngt",twitter
"pressure dr semua arah, ngerasa mau pecah tp hrs ttp strong :(",twitter
"capek amat sm tuntutan yg ga ada abisnya, gw jg manusia bkn robot",twitter
"ngrasa hidup gw ga ada artinya, mau ngapain jg sia2 aja, 💔",twitter
"pola tidur gw rusak parah, tidur jam 4 bangun jam 12 tiap hari :(",twitter
"anxiety gw kumat lg, jantung deg2an pdhl ga ada apa2 help 😞",twitter
"ngrasa gagal trs, ga pernah cukup apapun, yg gw lakuin",twitter
mata udh berat bgt tp begitu rebahan langsung melek lg,twitter
"udh lama ga ngrasa bahagia beneran, semua kerasa palsu 😢",twitter
"gelisah trs dr kmrn, entah knp, tiba2 ngrasa takut ga jelas gt",twitter
"was2 amat nunggu hasil meeting, deg2an sampe ga napsu, makan 😭😭",twitter
"tiap mau tidur, kepikiran macem2, makanya ga bs tidur 😴",twitter
"ngerasa trapped di situasi yg ga bs gw kontrol, stress bgt huhu",twitter
"khawatir kalo presentasi, ga sesuai rencana, parno bgt jadinya",twitter
"insomnia gw makin parah belakangan, ini, sampe sakit kepala tiap pagi",twitter
"kerja keras trs tp ga ada apresiasi, cape bgt sm kondisi ini :(",twitter
"ga bs tenang, pikiran muter trs ttg hasil test,, anxiety parah",twitter
"gabisa tidur dr tdi malem, badan cape banget tp otak ga mau berhenti 😢",twitter
"ngrasa sendirian poll pdhl dikelilingin banyak org, ngga ada yg ngerti gw",twitter
"ngrasa jd beban buat semua org, mending gw, ga ada aja kali ya",twitter
"ga bs tenang, pikiran muter trs ttg ujian, anxiety parah 💔",twitter
"kebangun jam 3 trs ga bs tidur lg sampe pagi,, stress jdnya",twitter
"ngerasa ga kuat lg nanggung smua sendirian, terlalu, banyak 😞",twitter
"gabisa tidur dr beberapa hari ini, badan cape amat tp otak ga mau berhenti",twitter
"gabisa tidur dr kmrn, badan cape amat tp otak, ga mau berhenti 😰",twitter
"rebahan dr jam 11 tp baru ketiduran subuh, badan ancur banget 😢",twitter
